rank,state_id,logistic_regression_coefficient,absolute_logistic_regression_coefficient,random_forest_feature_importance,total_retained_trace_count,visited_trace_count,target_traces_when_visited,success_traces_when_visited,target_probability_when_visited,target_probability_when_not_visited,probability_difference,probability_ratio,support_fraction,normalized_positive_logistic_coefficient,normalized_random_forest_importance,normalized_positive_probability_difference,support_reliability_weight,combined_ranking_score
1,89,0.16286007590006163,0.16286007590006163,0.06868833994736336,9723,176,95,81,0.5397727272727273,0.32020530009427045,0.21956742717845684,1.68570828500907,0.01810140903013473,0.32701879783442817,1.0,1.0,0.7787610619469026,0.6040638767239813
2,82,0.1628600759000608,0.1628600759000608,0.059003137502162246,9723,176,95,81,0.5397727272727273,0.32020530009427045,0.21956742717845684,1.68570828500907,0.01810140903013473,0.3270187978344265,0.8589978669942673,1.0,0.7787610619469026,0.5674615531118733
3,101,0.4980144168425412,0.4980144168425412,0.05302705624377219,9723,83,43,40,0.5180722891566265,0.3225103734439834,0.1955619157126431,1.6063740326374651,0.00853645994034763,1.0,0.7719950181414694,0.8906690679291747,0.6240601503759399,0.553887516651287
4,69,0.3112520292084604,0.3112520292084604,0.011687217877199356,9723,250,104,146,0.416,0.3217565713079278,0.0942434286920722,1.2929028871391075,0.025712228735986834,0.6249859816947225,0.1701484980734052,0.4292231771494703,0.8333333333333334,0.34009934914377726
5,83,0.3534254037433663,0.3534254037433663,0.007010738519378505,9723,217,88,129,0.4055299539170507,0.32232274353040186,0.08320721038664886,1.2581487408405627,0.022318214542836574,0.7096690211984564,0.1020659186806802,0.37895971846052057,0.8127340823970037,0.32257271018689837
6,102,-0.05710269707866842,0.05710269707866842,0.022410999254577006,9723,111,56,55,0.5045045045045045,0.32209737827715357,0.1824071262273509,1.5663104965430545,0.011416229558778156,0.0,0.3262707946028512,0.8307567683028716,0.6894409937888198,0.2659007442702593
7,99,0.3245783791353427,0.3245783791353427,0.01714746876066058,9723,85,33,52,0.38823529411764707,0.32361485785432664,0.06462043626332042,1.1996831563661052,0.008742157770235523,0.651744945845545,0.24964162438342338,0.29430793580688613,0.6296296296296297,0.25094822966184605
8,95,-0.05710269707866846,0.05710269707866846,0.017930602840589227,9723,111,56,55,0.5045045045045045,0.32209737827715357,0.1824071262273509,1.5663104965430545,0.011416229558778156,0.0,0.26104289103987155,0.8307567683028716,0.6894409937888198,0.25091048071851857
9,93,0.23338397411430314,0.23338397411430314,0.008461964534855685,9723,485,168,317,0.3463917525773196,0.32301363931586924,0.02337811326145034,1.072375003454852,0.04988172374781446,0.46862895173593516,0.12319360958992724,0.10647350366067465,0.9065420560747663,0.21101158350060464
10,44,0.33061028420744903,0.33061028420744903,0.008346334328611593,9723,166,50,116,0.30120481927710846,0.32457884273307525,-0.023374023455966786,0.927986607940466,0.01707291988069526,0.6638568543929907,0.12151020588075767,0.0,0.7685185185185185,0.2011897098849417
11,51,0.33061028420744903,0.33061028420744903,0.007347145670041062,9723,166,50,116,0.30120481927710846,0.32457884273307525,-0.023374023455966786,0.927986607940466,0.01707291988069526,0.6638568543929907,0.10696350611575796,0.0,0.7685185185185185,0.19746324050069797
12,61,0.11797523934018163,0.11797523934018163,0.01127729384737008,9723,104,44,60,0.4230769230769231,0.32311051044807154,0.09996641262885153,1.3093876843876844,0.010696287154170524,0.2368912130860706,0.16418061429366318,0.4552879901789908,0.6753246753246753,0.19277363858464797
13,63,0.08010976911222498,0.08010976911222498,0.014980729712164095,9723,155,63,92,0.4064516129032258,0.3228469899665552,0.08360462293667059,1.2589605154606878,0.015941581816311837,0.16085833341959965,0.21809712861955896,0.3807696979967782,0.7560975609756098,0.1914754468383255
14,75,-0.6097349058944602,0.6097349058944602,0.016374010480599315,9723,245,99,146,0.40408163265306124,0.32211437012027855,0.08196726253278269,1.254466332881007,0.0251979841612671,0.0,0.23838122297244194,0.3733124880411452,0.8305084745762712,0.16933893694726426
15,100,-0.4957325570106809,0.4957325570106809,0.03695523968871166,9723,670,194,476,0.28955223880597014,0.32674251629294154,-0.0371902774869714,0.8861786402672237,0.06890877301244472,0.0,0.5380132889662331,0.0,0.9305555555555556,0.16688375167008157
16,56,0.11849981794022854,0.11849981794022854,0.006434037227541411,9723,1202,407,795,0.3386023294509151,0.322145288111724,0.016457041339191125,1.051085773862021,0.1236243957626247,0.23794455327524183,0.09367000618259061,0.07495210719855731,0.9600638977635783,0.13010999289695965
17,67,-0.0543510179667636,0.0543510179667636,0.01459252853425624,9723,1337,482,855,0.3605086013462977,0.3183877891724302,0.04212081217386748,1.1322940565131283,0.1375089992800576,0.0,0.21244549723342648,0.19183543167189884,0.9639509733237203,0.1299023316381687
18,74,-0.0543510179667636,0.0543510179667636,0.014100397936001948,9723,1337,482,855,0.3605086013462977,0.3183877891724302,0.04212081217386748,1.1322940565131283,0.1375089992800576,0.0,0.20528080816638225,0.19183543167189884,0.9639509733237203,0.12760019530492234
19,36,0.1067840956216618,0.1067840956216618,0.007686640884419247,9723,1370,457,913,0.33357664233576645,0.322638572967796,0.010938069367970427,1.0339019270614682,0.14090301347320786,0.21441968748351328,0.11190605116253509,0.04981644822517477,0.9647887323943662,0.12096591455717741
20,22,0.1276518146501467,0.1276518146501467,0.00737427057283523,9723,7549,2420,5129,0.32057226122665256,0.33670653173873044,-0.016134270512077886,0.9520820982332551,0.7764064589118584,0.25632152470499014,0.10735840433014128,0.0,0.993420186866693,0.1204289943539153
21,17,0.1276518146501467,0.1276518146501467,0.00677010945909893,9723,7549,2420,5129,0.32057226122665256,0.33670653173873044,-0.016134270512077886,0.9520820982332551,0.7764064589118584,0.25632152470499014,0.09856271769396291,0.0,0.993420186866693,0.11751639013333758
22,3,0.07702467884804855,0.07702467884804855,0.006916290099222024,9723,1395,481,914,0.34480286738351257,0.3207252641690682,0.024077603214444354,1.0750723622500533,0.14347423634680653,0.15466355238547577,0.10069089025185432,0.10965926742346399,0.9653979238754326,0.11746115929291989
23,30,0.1067840956216618,0.1067840956216618,0.006105194448110934,9723,1370,457,913,0.33357664233576645,0.322638572967796,0.010938069367970427,1.0339019270614682,0.14090301347320786,0.21441968748351328,0.08888254473451263,0.04981644822517477,0.9647887323943662,0.11356164136318896
24,5,0.07702467884804855,0.07702467884804855,0.00581609534861157,9723,1395,481,914,0.34480286738351257,0.3207252641690682,0.024077603214444354,1.0750723622500533,0.14347423634680653,0.15466355238547577,0.08467369211526307,0.10965926742346399,0.9653979238754326,0.11230683601713101
25,12,0.1276518146501467,0.1276518146501467,0.00506214324201821,9723,7549,2420,5129,0.32057226122665256,0.33670653173873044,-0.016134270512077886,0.9520820982332551,0.7764064589118584,0.25632152470499014,0.0736972715587156,0.0,0.993420186866693,0.10928244475127054
26,73,-0.15463020348749865,0.15463020348749865,0.019120276199501327,9723,7652,2404,5248,0.3141662310507057,0.36117817479478515,-0.047011943744079465,0.8698372520133842,0.7869998971510851,0.0,0.2783627645413095,0.0,0.9935081796935861,0.09218522783130356
27,26,-0.008012256330180493,0.008012256330180493,0.006553044947787614,9723,133,51,82,0.38345864661654133,0.32335766423357665,0.060100982382964685,1.1858653405522837,0.013678905687544997,0.0,0.09540258146883861,0.27372449163015733,0.726775956284153,0.08942422718063107
28,78,-0.5610833429495566,0.5610833429495566,0.013857784990770996,9723,368,127,241,0.3451086956521739,0.32335649385355425,0.02175220179861964,1.0672700323392021,0.03784840069937262,0.0,0.20174872476741135,0.0990684368721969,0.8803827751196173,0.08827808252262827
29,20,0.03516402821803451,0.03516402821803451,0.003937629106396865,9723,168,62,106,0.36904761904761907,0.32339089481946626,0.04565672422815281,1.141181229773463,0.017278617710583154,0.07060845435153824,0.057326019371181695,0.20793942350585817,0.7706422018348624,0.08627953323302924
30,34,0.03516402821803451,0.03516402821803451,0.0036854235033267416,9723,168,62,106,0.36904761904761907,0.32339089481946626,0.04565672422815281,1.141181229773463,0.017278617710583154,0.07060845435153824,0.053654281150933666,0.20793942350585817,0.7706422018348624,0.08533633442415818
31,15,0.03516402821803451,0.03516402821803451,0.0035089966747034345,9723,168,62,106,0.36904761904761907,0.32339089481946626,0.04565672422815281,1.141181229773463,0.017278617710583154,0.07060845435153824,0.05108576910422377,0.20793942350585817,0.7706422018348624,0.0846765331644529
32,11,0.03516402821803451,0.03516402821803451,0.0032625132069990853,9723,168,62,106,0.36904761904761907,0.32339089481946626,0.04565672422815281,1.141181229773463,0.017278617710583154,0.07060845435153824,0.0474973366585826,0.20793942350585817,0.7706422018348624,0.0837547340041047
33,0,0.12569245694888428,0.12569245694888428,0.0,9723,9723,3152,6571,0.32417977990332203,,,,1.0,0.2523871853866931,0.0,0.0,0.9948838637061291,0.08369864604914276
34,1,0.12569245694888428,0.12569245694888428,0.0,9723,9723,3152,6571,0.32417977990332203,,,,1.0,0.2523871853866931,0.0,0.0,0.9948838637061291,0.08369864604914276
35,27,0.03516402821803451,0.03516402821803451,0.0031283820991770653,9723,168,62,106,0.36904761904761907,0.32339089481946626,0.04565672422815281,1.141181229773463,0.017278617710583154,0.07060845435153824,0.04554458735753957,0.20793942350585817,0.7706422018348624,0.08325311033044226
36,62,-0.2695709738593054,0.2695709738593054,0.01658901815692622,9723,1720,562,1158,0.3267441860465116,0.3236286392602774,0.0031155467862342134,1.009626919278082,0.17690013370358942,0.0,0.241511414741404,0.01418947621817331,0.9717514124293786,0.08282590064980659
37,66,-0.15463020348749865,0.15463020348749865,0.017077805739271607,9723,7652,2404,5248,0.3141662310507057,0.36117817479478515,-0.047011943744079465,0.8698372520133842,0.7869998971510851,0.0,0.248627434472263,0.0,0.9935081796935861,0.08233779661480813
38,8,0.03516402821803451,0.03516402821803451,0.002865329181910915,9723,168,62,106,0.36904761904761907,0.32339089481946626,0.04565672422815281,1.141181229773463,0.017278617710583154,0.07060845435153824,0.04171492838677786,0.20793942350585817,0.7706422018348624,0.08226934472327413
39,19,0.041860650630014457,0.041860650630014457,0.005187411760079137,9723,1227,419,808,0.3414832925835371,0.321680790960452,0.01980250162308511,1.0615594781521154,0.1261956186362234,0.08405509803393839,0.07552099474312975,0.09018870365953835,0.9608457321848082,0.07999514623537357
40,14,0.041860650630014457,0.041860650630014457,0.005146606264844656,9723,1227,419,808,0.3414832925835371,0.321680790960452,0.01980250162308511,1.0615594781521154,0.1261956186362234,0.08405509803393839,0.07492692746379602,0.09018870365953835,0.9608457321848082,0.07980487723204743
41,10,0.041860650630014457,0.041860650630014457,0.0049516209965781745,9723,1227,419,808,0.3414832925835371,0.321680790960452,0.01980250162308511,1.0615594781521154,0.1261956186362234,0.08405509803393839,0.07208823215661722,0.09018870365953835,0.9608457321848082,0.07889569447508882
42,87,-0.25519984479579444,0.25519984479579444,0.014751778209839745,9723,642,213,429,0.3317757009345794,0.32364277061997576,0.008132930314603659,1.025129343377651,0.0660290033940142,0.0,0.2147639354968281,0.037040695968047634,0.9277456647398844,0.07787021840098758
43,7,0.041860650630014457,0.041860650630014457,0.0044291026572305025,9723,1227,419,808,0.3414832925835371,0.321680790960452,0.01980250162308511,1.0615594781521154,0.1261956186362234,0.08405509803393839,0.06448114280567231,0.09018870365953835,0.9608457321848082,0.07645928136268752
44,49,0.027691843763766044,0.027691843763766044,0.007604276432984682,9723,794,268,526,0.33753148614609574,0.3229924963601747,0.014538989785921053,1.0450133979883804,0.08166203846549419,0.055604502253840296,0.11070694733359293,0.06621651477522784,0.9407582938388626,0.07291753700788028
45,25,0.027717360207551237,0.027717360207551237,0.007581867808755413,9723,1782,593,1189,0.3327721661054994,0.32225160559123533,0.010520560514264088,1.0326470383133142,0.18327676643011417,0.05565573860950038,0.11038071111582379,0.04791494189032574,0.972707423580786,0.06937070230332754
46,47,-0.02967671790880023,0.02967671790880023,0.006189876412182626,9723,392,139,253,0.35459183673469385,0.32290215410995604,0.031689682624737814,1.098140201981888,0.040316774658027354,0.0,0.09011538809827109,0.14432779502845625,0.8868778280542986,0.06930748701785604
47,50,-0.22382618858579204,0.22382618858579204,0.009599128782890837,9723,1204,407,797,0.3380398671096346,0.32222091794811597,0.015818949161518603,1.0490934892192993,0.1238300935925126,0.0,0.13974902858690075,0.07204597405361728,0.960127591706539,0.06778340860690689
48,70,-0.048080556040545876,0.048080556040545876,0.012551414613740687,9723,1649,542,1107,0.3286840509399636,0.32325984642060934,0.00542420451935427,1.0167797039422477,0.16959786074256916,0.0,0.18272991636366487,0.024704049180052846,0.9705709240729841,0.06710979187396321
49,39,0.027717360207551237,0.027717360207551237,0.006899146430363458,9723,1782,593,1189,0.3327721661054994,0.32225160559123533,0.010520560514264088,1.0326470383133142,0.18327676643011417,0.05565573860950038,0.10044130394838995,0.04791494189032574,0.972707423580786,0.06614799059074253
50,40,-0.02967671790880023,0.02967671790880023,0.005429732229024574,9723,392,139,253,0.35459183673469385,0.32290215410995604,0.031689682624737814,1.098140201981888,0.040316774658027354,0.0,0.07904882012267932,0.14432779502845625,0.8868778280542986,0.06603592242778668
51,53,-0.02967671790880023,0.02967671790880023,0.004413561967611364,9723,392,139,253,0.35459183673469385,0.32290215410995604,0.031689682624737814,1.098140201981888,0.040316774658027354,0.0,0.06425489349420187,0.14432779502845625,0.8868778280542986,0.06166245392223376
52,43,-0.22382618858579204,0.22382618858579204,0.008220256752557605,9723,1204,407,797,0.3380398671096346,0.32222091794811597,0.015818949161518603,1.0490934892192993,0.1238300935925126,0.0,0.11967470401609473,0.07204597405361728,0.960127591706539,0.061358770971805754
53,33,0.027717360207551237,0.027717360207551237,0.005597874235612192,9723,1782,593,1189,0.3327721661054994,0.32225160559123533,0.010520560514264088,1.0326470383133142,0.18327676643011417,0.05565573860950038,0.08149671749094396,0.04791494189032574,0.972707423580786,0.060005477296133966
54,60,-0.15516132199403787,0.15516132199403787,0.012411915361370865,9723,683,222,461,0.32503660322108346,0.3241150442477876,0.0009215589732958773,1.0028433082316024,0.07024580890671603,0.0,0.1806990148674761,0.004197157042546506,0.931787175989086,0.05742796062507751
55,9,0.048667778100848366,0.048667778100848366,0.004922329108547276,9723,8328,2671,5657,0.3207252641690682,0.34480286738351257,-0.024077603214444354,0.9301699449393973,0.8565257636531934,0.09772363300124264,0.07166178586233576,0.0,0.994031988541418,0.05612484158096128
56,6,0.048667778100848366,0.048667778100848366,0.004703419366195257,9723,8328,2671,5657,0.3207252641690682,0.34480286738351257,-0.024077603214444354,0.9301699449393973,0.8565257636531934,0.09772363300124264,0.06847478581953706,0.0,0.994031988541418,0.055068848250953026
57,86,0.001180646480327914,0.001180646480327914,0.011217595458772968,9723,5859,1828,4031,0.31199863457927973,0.34265010351966874,-0.030651468940389004,0.9105458640591668,0.6025917926565875,0.0023707074341608922,0.16331149460547653,0.0,0.991538331358944,0.054760084715419176
58,2,0.048667778100848366,0.048667778100848366,0.004251012888015177,9723,8328,2671,5657,0.3207252641690682,0.34480286738351257,-0.024077603214444354,0.9301699449393973,0.8565257636531934,0.09772363300124264,0.061888420818915935,0.0,0.994031988541418,0.05288649575134403
59,55,-0.037186082653853016,0.037186082653853016,0.006606628584126637,9723,787,266,521,0.33799237611181704,0.3229632945389436,0.015029081572873415,1.0465349525069982,0.08094209606088655,0.0,0.09618267946480247,0.06844859351864745,0.94026284348865,0.05159888962085826
60,77,-0.048080556040545876,0.048080556040545876,0.009197878744961752,9723,1649,542,1107,0.3286840509399636,0.32325984642060934,0.00542420451935427,1.0167797039422477,0.16959786074256916,0.0,0.13390742521962518,0.024704049180052846,0.9705709240729841,0.05131456175889131
61,48,-0.00878348243652417,0.00878348243652417,0.010539200226820823,9723,7559,2427,5132,0.32107421616615955,0.33502772643253237,-0.013953510266372815,0.9583511776325093,0.777434948061298,0.0,0.15343506969155363,0.0,0.9934288342752005,0.05080894080687142
62,4,0.048667778100848366,0.048667778100848366,0.0033369338953097016,9723,8328,2671,5657,0.3207252641690682,0.34480286738351257,-0.024077603214444354,0.9301699449393973,0.8565257636531934,0.09772363300124264,0.04858079111923263,0.0,0.994031988541418,0.04847709254696101
63,98,-0.09119440502104122,0.09119440502104122,0.006403461774843318,9723,400,135,265,0.3375,0.32360828059637453,0.013891719403625491,1.042927577063308,0.04113956597757894,0.0,0.0932248730970986,0.06326858032696617,0.8888888888888888,0.04636843064416735
64,88,-0.14425130269733544,0.14425130269733544,0.009496741408572386,9723,959,312,647,0.32533889468196037,0.32405294386125055,0.0012859508207098136,1.0039683355608102,0.09863210943124551,0.0,0.13825842080111186,0.005856746773576014,0.9504459861248761,0.04565789418702532
65,85,-0.19658527576989865,0.19658527576989865,0.0050714052328591505,9723,298,102,196,0.3422818791946309,0.32360742705570295,0.018674452138927933,1.0577071184948839,0.030648976653296307,0.0,0.07383211236063392,0.08505110425031297,0.8563218390804598,0.0453517227491017
66,59,-0.16047518618392492,0.16047518618392492,0.009331855742250901,9723,7525,2414,5111,0.320797342192691,0.33575978161965425,-0.014962439426963237,0.9554370706497761,0.7739380849532037,0.0,0.13585793090067408,0.0,0.9933993399339934,0.044987059627175904
67,35,0.01890836132723907,0.01890836132723907,0.00648399025304508,9723,8353,2695,5658,0.322638572967796,0.33357664233576645,-0.010938069367970427,0.9672097264023644,0.8590969865267921,0.037967497903213084,0.0943972478882709,0.0,0.9940497441389979,0.04385904722901606
68,45,-0.06484074612683574,0.06484074612683574,0.004495378712165845,9723,224,77,147,0.34375,0.32371828613538267,0.02003171386461733,1.061880081300813,0.023038156947444204,0.0,0.06544602352612837,0.0912326300947009,0.8175182481751825,0.04269588614484886
69,91,-0.19658527576989923,0.19658527576989923,0.004045025148380566,9723,298,102,196,0.3422818791946309,0.32360742705570295,0.018674452138927933,1.0577071184948839,0.030648976653296307,0.0,0.05888954590371982,0.08505110425031297,0.8563218390804598,0.04108650741944614
70,94,0.002281859831864185,0.002281859831864185,0.008567938793936436,9723,753,237,516,0.3147410358565737,0.3249721293199554,-0.01023109346338169,0.9685170125672269,0.07744523295279235,0.004581915211072389,0.124736437079454,0.0,0.937733499377335,0.04042205034236878
71,54,-0.16047518618392492,0.16047518618392492,0.008377808527822715,9723,7525,2414,5111,0.320797342192691,0.33575978161965425,-0.014962439426963237,0.9554370706497761,0.7739380849532037,0.0,0.12196842337786476,0.0,0.9933993399339934,0.040387783758786905
72,37,-0.06484074612683574,0.06484074612683574,0.003834542429757128,9723,224,77,147,0.34375,0.32371828613538267,0.02003171386461733,1.061880081300813,0.023038156947444204,0.0,0.05582523078437448,0.0912326300947009,0.8175182481751825,0.0400741616020838
73,32,-0.06484074612683574,0.06484074612683574,0.0034291910887124704,9723,224,77,147,0.34375,0.32371828613538267,0.02003171386461733,1.061880081300813,0.023038156947444204,0.0,0.049923918547752036,0.0912326300947009,0.8175182481751825,0.03846601812154435
74,80,-0.2540191983154662,0.2540191983154662,0.007594252414116588,9723,6501,2041,4460,0.3139516997385018,0.34481688392302917,-0.030865184184527383,0.9104881877204796,0.6686207960506017,0.0,0.11056101253773419,0.0,0.9923675774690887,0.03657238805820027
75,29,0.01890836132723907,0.01890836132723907,0.004818469431333474,9723,8353,2695,5658,0.322638572967796,0.33357664233576645,-0.010938069367970427,0.9672097264023644,0.8590969865267921,0.037967497903213084,0.07014974353763566,0.0,0.9940497441389979,0.03582463873042999
76,81,-0.14425130269733544,0.14425130269733544,0.0073431560978153955,9723,959,312,647,0.32533889468196037,0.32405294386125055,0.0012859508207098136,1.0039683355608102,0.09863210943124551,0.0,0.10690542388187775,0.005856746773576014,0.9504459861248761,0.035724784162068104
77,42,0.01890836132723907,0.01890836132723907,0.004754509763978805,9723,8353,2695,5658,0.322638572967796,0.33357664233576645,-0.010938069367970427,0.9672097264023644,0.8590969865267921,0.037967497903213084,0.06921858597284837,0.0,0.9940497441389979,0.03551609975075336
78,23,-0.022155546752642415,0.022155546752642415,0.006382032543939096,9723,688,225,463,0.32703488372093026,0.3239623685666851,0.00307251515424517,1.009484173016264,0.07076005348143577,0.0,0.09291289538849999,0.01399349253998379,0.9322493224932249,0.033221135905508965
79,31,-0.022155546752642415,0.022155546752642415,0.006157385455923581,9723,688,225,463,0.32703488372093026,0.3239623685666851,0.00307251515424517,1.009484173016264,0.07076005348143577,0.0,0.08964236813179724,0.01399349253998379,0.9322493224932249,0.03220482029909004
80,71,0.02178006628618793,0.02178006628618793,0.004808413368041257,9723,158,46,112,0.2911392405063291,0.3247255619445896,-0.033586321438260514,0.8965701337550026,0.01625012856114368,0.04373380679273428,0.07000334222265378,0.0,0.7596153846153846,0.028798829398127106
81,68,-0.30796102268730935,0.30796102268730935,0.0061244698785577,9723,673,218,455,0.32392273402674593,0.32419889502762433,-0.00027616100087840545,0.9991481741452115,0.06921731975727656,0.0,0.08916316631397629,0.0,0.9308437067773168,0.027665657413234693
82,24,-0.056828489796656334,0.056828489796656334,0.008107010424075507,9723,91,26,65,0.2857142857142857,0.32454318936877075,-0.03882890365448505,0.8803582853486884,0.009359251259899209,0.0,0.11802600601918753,0.0,0.6453900709219859,0.025390937465120722
83,13,-0.07898403654929884,0.07898403654929884,0.004881317979399461,9723,779,251,528,0.32220795892169446,0.3243515205724508,-0.0021435616507563537,0.9933912390884644,0.08011930474133498,0.0,0.07106472485927116,0.0,0.9396863691194209,0.022259517758493056
84,18,-0.07898403654929884,0.07898403654929884,0.004791561788059648,9723,779,251,528,0.32220795892169446,0.3243515205724508,-0.0021435616507563537,0.9933912390884644,0.08011930474133498,0.0,0.06975800829851872,0.0,0.9396863691194209,0.021850216511679163
85,64,-0.36838269285138614,0.36838269285138614,0.005559594287060813,9723,161,46,115,0.2857142857142857,0.32482744195774943,-0.03911315624346373,0.8795878943979394,0.01655867530597552,0.0,0.08093941841251648,0.0,0.7630331753554502,0.02058648714757528
86,57,-0.36838269285138614,0.36838269285138614,0.004889170280560886,9723,161,46,115,0.2857142857142857,0.32482744195774943,-0.03911315624346373,0.8795878943979394,0.01655867530597552,0.0,0.07117904267751284,0.0,0.7630331753554502,0.01810399031766124
87,97,-0.10620545960756879,0.10620545960756879,0.0036395698327715037,9723,4505,1392,3113,0.30899001109877916,0.33729398236872365,-0.028303971269944495,0.9160851579053577,0.4633343618224828,0.0,0.052986719952186165,0.0,0.9890230515916575,0.01746836248698124
88,92,-0.1062054596075874,0.1062054596075874,0.002747266290512349,9723,4505,1392,3113,0.30899001109877916,0.33729398236872365,-0.028303971269944495,0.9160851579053577,0.4633343618224828,0.0,0.03999610840235198,0.0,0.9890230515916575,0.013185691061294963
