training_sample_size,sampling_seed,candidate_rank,state_id,visited_count,support_fraction,minimum_support_used,minimum_support_fraction_used,logistic_regression_coefficient,positive_logistic_score,random_forest_importance,empirical_target_probability_if_visited,empirical_target_probability_if_not_visited,empirical_probability_difference,support_weight,combined_ranking_score
500,42,1,100,39,0.078,5,0.01,1.0041957490915592,1.0,0.03261519398204516,0.4358974358974359,0.27114967462039047,0.16474776127704543,0.8863636363636364,0.8418354021524923
500,42,2,94,44,0.088,5,0.01,0.9670793998149133,0.9630387309344588,0.010986377334631769,0.4090909090909091,0.2719298245614035,0.1371610845295056,0.8979591836734694,0.6230856359620935
500,42,3,86,309,0.618,5,0.01,0.49828673584795097,0.4962047850717588,0.03294906780999008,0.2977346278317152,0.2617801047120419,0.03595452311967334,0.9840764331210191,0.5157963253815504
500,42,4,74,70,0.14,5,0.01,-0.513972784517825,0.0,0.03840293696235644,0.3,0.2813953488372093,0.018604651162790697,0.9333333333333333,0.3462442968383329
500,42,5,67,70,0.14,5,0.01,-0.513972784517825,0.0,0.03647101959694345,0.3,0.2813953488372093,0.018604651162790697,0.9333333333333333,0.3305933855885595
500,42,6,81,54,0.108,5,0.01,-0.06244859592775846,0.0,0.020042659439956877,0.35185185185185186,0.2757847533632287,0.07606709848862314,0.9152542372881356,0.30008834100669524
500,42,7,73,378,0.756,5,0.01,-0.47648944454643694,0.0,0.03408666917560154,0.2751322751322751,0.3114754098360656,-0.03634313470379047,0.9869451697127938,0.29200608213406837
500,42,8,26,10,0.02,5,0.01,0.26230620828218093,0.2612102356731494,0.011933811124491189,0.4,0.2816326530612245,0.11836734693877554,0.6666666666666666,0.28676422410635855
500,42,9,62,88,0.176,5,0.01,0.1583741527373539,0.15771243094847423,0.01590542023313997,0.32954545454545453,0.27427184466019416,0.055273609885260366,0.946236559139785,0.2862015082885304
500,42,10,88,54,0.108,5,0.01,-0.06244859592775846,0.0,0.017896135138894893,0.35185185185185186,0.2757847533632287,0.07606709848862314,0.9152542372881356,0.28303569158811304
500,42,11,56,67,0.134,5,0.01,-0.01812099161705122,0.0,0.01789413403695529,0.34328358208955223,0.2748267898383372,0.06845679225121504,0.9305555555555556,0.2734227525929076
500,42,12,66,378,0.756,5,0.01,-0.47648944454643694,0.0,0.029466223988995253,0.2751322751322751,0.3114754098360656,-0.03634313470379047,0.9869451697127938,0.25242468185979805
500,42,13,50,67,0.134,5,0.01,-0.01812099161705122,0.0,0.015031810812686914,0.34328358208955223,0.2748267898383372,0.06845679225121504,0.9305555555555556,0.25030342033324643
500,42,14,70,81,0.162,5,0.01,0.05472986678676762,0.05450119345384476,0.016503515152103822,0.32098765432098764,0.27684964200477324,0.04413801231621439,0.9418604651162791,0.23614326639513566
500,42,15,43,67,0.134,5,0.01,-0.01812099161705122,0.0,0.011604268476076192,0.34328358208955223,0.2748267898383372,0.06845679225121504,0.9305555555555556,0.22261874466758555
500,42,16,93,12,0.024,5,0.01,0.8198845384066797,0.8164588817950925,0.004578169318130896,0.25,0.2848360655737705,-0.0348360655737705,0.7058823529411765,0.220158334876902
500,42,17,36,80,0.16,5,0.01,0.10787977814889346,0.10742903288177269,0.010572477293289353,0.325,0.2761904761904762,0.0488095238095238,0.9411764705882353,0.21301995702895055
500,42,18,30,80,0.16,5,0.01,0.10787977814889346,0.10742903288177269,0.010063922221124651,0.325,0.2761904761904762,0.0488095238095238,0.9411764705882353,0.20886541308188306
500,42,19,77,81,0.162,5,0.01,0.05472986678676762,0.05450119345384476,0.012802366892477782,0.32098765432098764,0.27684964200477324,0.04413801231621439,0.9418604651162791,0.20588546584641962
500,42,20,17,387,0.774,5,0.01,0.0139815970558944,0.01392317889071208,0.01192976195935683,0.29457364341085274,0.24778761061946902,0.046786032791383714,0.9872448979591837,0.20026465222686146
500,123,1,18,34,0.068,5,0.01,0.22308119946572783,0.6161494682364177,0.018523319317293854,0.4117647058823529,0.27467811158798283,0.1370865942943701,0.8717948717948718,0.5256222083012745
500,123,2,97,253,0.506,5,0.01,0.36205695365484136,1.0,0.010118649020453367,0.308300395256917,0.2591093117408907,0.0491910835160263,0.9806201550387597,0.5014081830704671
500,123,3,92,253,0.506,5,0.01,0.36205695365484136,1.0,0.009601304828669714,0.308300395256917,0.2591093117408907,0.0491910835160263,0.9806201550387597,0.49624493603769
500,123,4,13,34,0.068,5,0.01,0.22308119946572783,0.6161494682364177,0.014495440733806842,0.4117647058823529,0.27467811158798283,0.1370865942943701,0.8717948717948718,0.48988396575169046
500,123,5,69,13,0.026,5,0.01,0.2581068087477153,0.7128900747305504,0.013930689286879737,0.46153846153846156,0.2792607802874743,0.18227768125098726,0.7222222222222222,0.47473636716430895
500,123,6,75,13,0.026,5,0.01,0.2581068087477153,0.7128900747305504,0.010610725796652764,0.46153846153846156,0.2792607802874743,0.18227768125098726,0.7222222222222222,0.4503331735133908
500,123,7,100,37,0.074,5,0.01,0.2819024620594943,0.778613583343132,0.02232837665783767,0.16216216216216217,0.2937365010799136,-0.13157433891775144,0.8809523809523809,0.4288349749417195
500,123,8,49,30,0.06,5,0.01,0.2234157626454458,0.6170735305319783,0.014452185161471152,0.36666666666666664,0.27872340425531916,0.08794326241134748,0.8571428571428571,0.4173129409309956
500,123,9,55,30,0.06,5,0.01,0.2234157626454458,0.6170735305319783,0.013739545951294887,0.36666666666666664,0.27872340425531916,0.08794326241134748,0.8571428571428571,0.41109616183437553
500,123,10,61,6,0.012,5,0.01,0.2554929052705365,0.7056704827553312,0.005133997419361733,0.5,0.2813765182186235,0.21862348178137653,0.5454545454545454,0.3386226844294133
500,123,11,85,18,0.036,5,0.01,0.16959900003698117,0.46843182633267266,0.010242109303845346,0.3888888888888889,0.2800829875518672,0.10880590133702167,0.782608695652174,0.33360946677798403
500,123,12,91,18,0.036,5,0.01,0.16959900003698117,0.46843182633267266,0.010122050456492613,0.3888888888888889,0.2800829875518672,0.10880590133702167,0.782608695652174,0.33265319497565293
500,123,13,6,433,0.866,5,0.01,0.10321723394777878,0.285085627843454,0.014299480150593296,0.2909930715935335,0.23880597014925373,0.052187101444279765,0.9885844748858448,0.31647672796079185
500,123,14,67,68,0.136,5,0.01,-0.22305114189845274,0.0,0.032344877225366,0.19117647058823528,0.2986111111111111,-0.10743464052287582,0.9315068493150684,0.30664371717801425
500,123,15,81,52,0.104,5,0.01,-0.15565698576023482,0.0,0.032751879991715256,0.15384615384615385,0.29910714285714285,-0.145260989010989,0.9122807017543859,0.30409356725146197
500,123,16,74,68,0.136,5,0.01,-0.22305114189845274,0.0,0.030287700238257734,0.19117647058823528,0.2986111111111111,-0.10743464052287582,0.9315068493150684,0.2871407710445464
500,123,17,25,88,0.176,5,0.01,0.16427088055023945,0.45371557952963193,0.012315859744214779,0.29545454545454547,0.2815533980582524,0.013901147396293057,0.946236559139785,0.28176895289380666
500,123,18,33,88,0.176,5,0.01,0.16427088055023945,0.45371557952963193,0.012219918001434703,0.29545454545454547,0.2815533980582524,0.013901147396293057,0.946236559139785,0.28084499998291973
500,123,19,88,52,0.104,5,0.01,-0.15565698576023482,0.0,0.030068321581770186,0.15384615384615385,0.29910714285714285,-0.145260989010989,0.9122807017543859,0.27917735328101867
500,123,20,9,433,0.866,5,0.01,0.10321723394777878,0.285085627843454,0.009821190029419965,0.2909930715935335,0.23880597014925373,0.052187101444279765,0.9885844748858448,0.27141907947418614
500,456,1,100,46,0.092,5,0.01,0.7291436214732695,1.0,0.014383922417446793,0.32608695652173914,0.27973568281938327,0.046351273702355866,0.9019607843137255,0.5103513716362195
500,456,2,31,37,0.074,5,0.01,0.2240845253373126,0.3073256334390461,0.015008338142705378,0.40540540540540543,0.27429805615550756,0.13110734924989786,0.8809523809523809,0.46966601018508036
500,456,3,23,37,0.074,5,0.01,0.2240845253373126,0.3073256334390461,0.014178366470157274,0.40540540540540543,0.27429805615550756,0.13110734924989786,0.8809523809523809,0.4632043978833555
500,456,4,25,107,0.214,5,0.01,0.17724651524206325,0.24308861796517975,0.016177024016874236,0.35514018691588783,0.26463104325699743,0.0905091436588904,0.9553571428571429,0.4105693355997362
500,456,5,33,107,0.214,5,0.01,0.17724651524206325,0.24308861796517975,0.01570299086753134,0.35514018691588783,0.26463104325699743,0.0905091436588904,0.9553571428571429,0.4065671275486256
500,456,6,86,276,0.552,5,0.01,0.26931189387524634,0.36935369924938627,0.032763131907552256,0.2717391304347826,0.29910714285714285,-0.027368012422360255,0.9822064056939501,0.4053165640310147
500,456,7,39,107,0.214,5,0.01,0.17724651524206325,0.24308861796517975,0.015150772342354164,0.35514018691588783,0.26463104325699743,0.0905091436588904,0.9553571428571429,0.4019048092476796
500,456,8,73,378,0.756,5,0.01,-0.006290062705036016,0.0,0.03771842521198053,0.28835978835978837,0.27049180327868855,0.017867985081099824,0.9869451697127938,0.3690722529689383
500,456,9,66,378,0.756,5,0.01,-0.006290062705036016,0.0,0.03233655542003504,0.28835978835978837,0.27049180327868855,0.017867985081099824,0.9869451697127938,0.32213135370169577
500,456,10,13,39,0.078,5,0.01,0.01996305742587235,0.0273787726285475,0.011861270064313064,0.38461538461538464,0.2754880694143167,0.10912731520106794,0.8863636363636364,0.32089707373216103
500,456,11,74,88,0.176,5,0.01,-0.31988919134248306,0.0,0.03688404059110665,0.26136363636363635,0.28883495145631066,-0.02747131509267431,0.946236559139785,0.3084348251546769
500,456,12,18,39,0.078,5,0.01,0.01996305742587235,0.0273787726285475,0.008837885684803279,0.38461538461538464,0.2754880694143167,0.10912731520106794,0.8863636363636364,0.29721441326682685
500,456,13,71,13,0.026,5,0.01,0.23558572177655518,0.32309920136247366,0.0070539832236993175,0.38461538461538464,0.2813141683778234,0.10330121623756122,0.7222222222222222,0.29241495482028795
500,456,14,67,88,0.176,5,0.01,-0.31988919134248306,0.0,0.034512090468216565,0.26136363636363635,0.28883495145631066,-0.02747131509267431,0.946236559139785,0.28859990442189754
500,456,15,44,13,0.026,5,0.01,0.23558572177655518,0.32309920136247366,0.006235845104102121,0.38461538461538464,0.2813141683778234,0.10330121623756122,0.7222222222222222,0.2871931255463153
500,456,16,57,13,0.026,5,0.01,0.23558572177655518,0.32309920136247366,0.005029807256093419,0.38461538461538464,0.2813141683778234,0.10330121623756122,0.7222222222222222,0.2794954965159612
500,456,17,64,13,0.026,5,0.01,0.23558572177655518,0.32309920136247366,0.004749363705839238,0.38461538461538464,0.2813141683778234,0.10330121623756122,0.7222222222222222,0.2777055440552018
500,456,18,94,48,0.096,5,0.01,0.3471071979039175,0.47604777396608206,0.00826257541905981,0.3125,0.2809734513274336,0.03152654867256638,0.9056603773584906,0.27475417831233895
500,456,19,8,7,0.014,5,0.01,0.17423746541670088,0.23896179063412193,0.005361276233805433,0.42857142857142855,0.281947261663286,0.14662416690814256,0.5833333333333334,0.26854746355617265
500,456,20,51,13,0.026,5,0.01,0.23558572177655518,0.32309920136247366,0.003146109015663548,0.38461538461538464,0.2813141683778234,0.10330121623756122,0.7222222222222222,0.26747264807559
500,789,1,74,64,0.128,5,0.01,0.5363675534697108,1.0,0.03604956822506092,0.265625,0.286697247706422,-0.02107224770642202,0.927536231884058,0.6176097330561595
500,789,2,67,64,0.128,5,0.01,0.5363675534697108,1.0,0.03387788062051338,0.265625,0.286697247706422,-0.02107224770642202,0.927536231884058,0.5990293231135547
500,789,3,98,16,0.032,5,0.01,0.49573158349981183,0.9242385753816973,0.021389338839527074,0.4375,0.27892561983471076,0.15857438016528924,0.7619047619047619,0.5692611807089921
500,789,4,66,390,0.78,5,0.01,0.11249969673695202,0.20974366553159707,0.03613696618775032,0.2923076923076923,0.2545454545454545,0.037762237762237805,0.9873417721518988,0.45499043537633693
500,789,5,70,88,0.176,5,0.01,0.48854878896757775,0.9108470223584593,0.012235453775043703,0.3181818181818182,0.2766990291262136,0.041482789055604596,0.946236559139785,0.4539342481056076
500,789,6,86,314,0.628,5,0.01,0.3399539709385881,0.6338078594416424,0.022737109418425664,0.2929936305732484,0.26881720430107525,0.024176426272173146,0.9843260188087775,0.4506852042074497
500,789,7,77,88,0.176,5,0.01,0.48854878896757775,0.9108470223584593,0.011357091247336979,0.3181818181818182,0.2766990291262136,0.041482789055604596,0.946236559139785,0.446267687391607
500,789,8,73,390,0.78,5,0.01,0.11249969673695202,0.20974366553159707,0.028589224327691037,0.2923076923076923,0.2545454545454545,0.037762237762237805,0.9873417721518988,0.3862501064738133
500,789,9,61,6,0.012,5,0.01,0.3824802222173985,0.7130935116100336,0.011788026421280639,0.5,0.2813765182186235,0.21862348178137653,0.5454545454545454,0.37078138337199995
500,789,10,55,40,0.08,5,0.01,0.036125480992703504,0.06735209980359773,0.01652580979303579,0.4,0.27391304347826084,0.12608695652173918,0.8888888888888888,0.3263388326499947
500,789,11,42,426,0.852,5,0.01,0.20281723254057407,0.37813106185966816,0.011505175231207978,0.2934272300469484,0.22972972972972974,0.06369750031721863,0.988399071925754,0.3254682980742178
500,789,12,35,426,0.852,5,0.01,0.20281723254057407,0.37813106185966816,0.011317966454374755,0.2934272300469484,0.22972972972972974,0.06369750031721863,0.988399071925754,0.3237614864553624
500,789,13,29,426,0.852,5,0.01,0.20281723254057407,0.37813106185966816,0.010668757135095257,0.2934272300469484,0.22972972972972974,0.06369750031721863,0.988399071925754,0.3178425438290633
500,789,14,49,40,0.08,5,0.01,0.036125480992703504,0.06735209980359773,0.013020608999195075,0.4,0.27391304347826084,0.12608695652173918,0.8888888888888888,0.2975987882424513
500,789,15,87,23,0.046,5,0.01,-0.19434209986162884,0.0,0.02533335351945847,0.34782608695652173,0.2809224318658281,0.06690365509069363,0.8214285714285714,0.27574244421828176
500,789,16,80,337,0.674,5,0.01,0.14561187107695878,0.2714777770113226,0.011928415567349542,0.29673590504451036,0.25766871165644173,0.03906719338806863,0.9853801169590644,0.2562852246787418
500,789,17,60,34,0.068,5,0.01,-0.346354741224695,0.0,0.013386631358675922,0.38235294117647056,0.27682403433476394,0.10552890684170663,0.8717948717948718,0.24792059561623184
500,789,18,81,52,0.104,5,0.01,-0.5786378414854255,0.0,0.028394910026959243,0.19230769230769232,0.29464285714285715,-0.10233516483516483,0.9122807017543859,0.2389439511059268
500,789,19,88,52,0.104,5,0.01,-0.5786378414854255,0.0,0.028168307985505445,0.19230769230769232,0.29464285714285715,-0.10233516483516483,0.9122807017543859,0.2370370886766311
500,789,20,23,32,0.064,5,0.01,-0.2420802255972333,0.0,0.02909931579923483,0.125,0.2948717948717949,-0.16987179487179488,0.8648648648648649,0.23214433382527408
500,2026,1,86,294,0.588,5,0.01,0.44122401119092286,0.7558827867698986,0.033410776833328604,0.272108843537415,0.30097087378640774,-0.028862030248992754,0.9832775919732442,0.4860411388077415
500,2026,2,91,15,0.03,5,0.01,0.5342210518901411,0.9152006400647442,0.014375640552346726,0.4666666666666667,0.27835051546391754,0.18831615120274914,0.75,0.445379714938148
500,2026,3,32,13,0.026,5,0.01,0.17050650386812832,0.29210316763668637,0.021379920044680603,0.6153846153846154,0.2751540041067762,0.3402306112778392,0.7222222222222222,0.4230640838579095
500,2026,4,85,15,0.03,5,0.01,0.5342210518901411,0.9152006400647442,0.008746793049644725,0.4666666666666667,0.27835051546391754,0.18831615120274914,0.75,0.4147579361285144
500,2026,5,37,13,0.026,5,0.01,0.17050650386812832,0.29210316763668637,0.01951309647790966,0.6153846153846154,0.2751540041067762,0.3402306112778392,0.7222222222222222,0.4132844230811461
500,2026,6,45,13,0.026,5,0.01,0.17050650386812832,0.29210316763668637,0.01885893323842536,0.6153846153846154,0.2751540041067762,0.3402306112778392,0.7222222222222222,0.40985748189149157
500,2026,7,93,21,0.042,5,0.01,0.5837201467126909,1.0,0.006286614412708896,0.3333333333333333,0.2818371607515658,0.05149617258176753,0.8076923076923077,0.3468115512691067
500,2026,8,40,22,0.044,5,0.01,0.15132687222657415,0.2592455872540883,0.015467104040525155,0.5,0.27405857740585776,0.22594142259414224,0.8148148148148148,0.34219567700666786
500,2026,9,53,22,0.044,5,0.01,0.15132687222657415,0.2592455872540883,0.015201062235913405,0.5,0.27405857740585776,0.22594142259414224,0.8148148148148148,0.3406232935329084
500,2026,10,47,22,0.044,5,0.01,0.15132687222657415,0.2592455872540883,0.011272112141676383,0.5,0.27405857740585776,0.22594142259414224,0.8148148148148148,0.3174020700623351
500,2026,11,74,85,0.17,5,0.01,-0.23947050956313204,0.0,0.045954609117377275,0.24705882352941178,0.29156626506024097,-0.044507441530829195,0.9444444444444444,0.31481481481481477
500,2026,12,26,10,0.02,5,0.01,0.1271106302061641,0.2177595392621053,0.011139158203953517,0.6,0.27755102040816326,0.3224489795918367,0.6666666666666666,0.31286463764745753
500,2026,13,73,379,0.758,5,0.01,-0.13516775282355806,0.0,0.04328428130221654,0.2770448548812665,0.30578512396694213,-0.028740269085675618,0.9869791666666666,0.30987594577880156
500,2026,14,67,85,0.17,5,0.01,-0.23947050956313204,0.0,0.04440301849964849,0.24705882352941178,0.29156626506024097,-0.044507441530829195,0.9444444444444444,0.3041855499299573
500,2026,15,62,86,0.172,5,0.01,0.2048146501042484,0.35087815840808884,0.01567053384976639,0.32558139534883723,0.2753623188405797,0.05021907650825752,0.945054945054945,0.2644520395241756
500,2026,16,66,379,0.758,5,0.01,-0.13516775282355806,0.0,0.03547587601687629,0.2770448548812665,0.30578512396694213,-0.028740269085675618,0.9869791666666666,0.2539748911690512
500,2026,17,87,26,0.052,5,0.01,-0.5901537608514751,0.0,0.04062879629889642,0.2692307692307692,0.2848101265822785,-0.015579357351509282,0.8387096774193549,0.2471697274931137
500,2026,18,59,390,0.78,5,0.01,0.14797407894967973,0.25350175042444284,0.018098608844122267,0.2692307692307692,0.33636363636363636,-0.06713286713286715,0.9873417721518988,0.2130480778384422
500,2026,19,98,19,0.038,5,0.01,0.21637138800931835,0.3706765805974778,0.012717535559128352,0.3157894736842105,0.28274428274428276,0.03304519093992775,0.7916666666666666,0.19647680505089646
500,2026,20,101,5,0.01,5,0.01,0.24838974376256995,0.4255288174674366,0.016147666252629055,0.4,0.2828282828282828,0.1171717171717172,0.5,0.18688347994897747
1000,42,1,99,5,0.005,5,0.005,0.9936904202161946,1.0,0.024364741802234087,0.6,0.28241206030150756,0.3175879396984924,0.5,0.4002935717609175
1000,42,2,86,602,0.602,5,0.005,0.48031545932620195,0.4833652911957237,0.03163256125942494,0.2956810631229236,0.2663316582914573,0.029349404831466308,0.9917627677100495,0.3627810723802383
1000,42,3,100,75,0.075,5,0.005,0.4744011227628231,0.4774134007044255,0.014822292267894893,0.36,0.27783783783783783,0.08216216216216216,0.9375,0.3064161879132523
1000,42,4,87,50,0.05,5,0.005,-0.6974340040716663,0.0,0.06064480049251901,0.2,0.28842105263157897,-0.08842105263157896,0.9090909090909091,0.303030303030303
1000,42,5,93,35,0.035,5,0.005,0.9372697302672911,0.9432210587915015,0.005764474247067791,0.2571428571428571,0.2849740932642487,-0.0278312361213916,0.875,0.30282995317622613
1000,42,6,62,184,0.184,5,0.005,0.35134401800575416,0.35357492721859307,0.02271774799587405,0.32608695652173914,0.27450980392156865,0.051577152600170484,0.9735449735449735,0.2890069057324792
1000,42,7,94,84,0.084,5,0.005,0.34902641788045385,0.35124261115903394,0.01025140546234123,0.34523809523809523,0.27838427947598254,0.06685381576211269,0.9438202247191011,0.22991071946852681
1000,42,8,60,76,0.076,5,0.005,0.23782651798903576,0.2393366315610575,0.015652974343981697,0.3026315789473684,0.2824675324675325,0.02016404647983594,0.9382716049382716,0.17543706925254327
1000,42,9,81,103,0.103,5,0.005,0.08020161883761574,0.08071087051454767,0.015087163260610159,0.3300970873786408,0.2787068004459309,0.05139028693270992,0.9537037037037037,0.1561862738742678
1000,42,10,88,103,0.103,5,0.005,0.08020161883761574,0.08071087051454767,0.014373723082143732,0.3300970873786408,0.2787068004459309,0.05139028693270992,0.9537037037037037,0.15244640645475505
1000,42,11,91,31,0.031,5,0.005,0.36243863200986204,0.36473998806490177,0.00881839313802333,0.1935483870967742,0.2868937048503612,-0.09334531775358701,0.8611111111111112,0.14643209578298724
1000,42,12,95,8,0.008,5,0.005,0.3076247418168756,0.3095780492177297,0.005208337646282387,0.375,0.28326612903225806,0.09173387096774194,0.6153846153846154,0.1403705227081945
1000,42,13,74,139,0.139,5,0.005,-0.22996797041873163,0.0,0.020514374924619935,0.30935251798561153,0.27990708478513354,0.02944543320047799,0.9652777777777778,0.13867399435200856
1000,42,14,102,8,0.008,5,0.005,0.3076247418168756,0.3095780492177297,0.00390943476680124,0.375,0.28326612903225806,0.09173387096774194,0.6153846153846154,0.13597704438622868
1000,42,15,77,172,0.172,5,0.005,-0.1623761061888135,0.0,0.0168960738646837,0.31976744186046513,0.27657004830917875,0.04319739355128638,0.9717514124293786,0.13430389703553786
1000,42,16,85,31,0.031,5,0.005,0.36243863200986204,0.36473998806490177,0.006105176045319539,0.1935483870967742,0.2868937048503612,-0.09334531775358701,0.8611111111111112,0.13359020680317252
1000,42,17,67,139,0.139,5,0.005,-0.22996797041873163,0.0,0.019230839898819442,0.30935251798561153,0.27990708478513354,0.02944543320047799,0.9652777777777778,0.13186402423452379
1000,42,18,82,15,0.015,5,0.005,0.15759558025105858,0.15859625598158722,0.012265775107163748,0.3333333333333333,0.283248730964467,0.050084602368866304,0.75,0.12963884019961364
1000,42,19,54,770,0.77,5,0.005,0.12173262387316344,0.12250558262067013,0.0157091173758535,0.2805194805194805,0.2956521739130435,-0.01513269339356299,0.9935483870967742,0.12635963029846917
1000,42,20,59,770,0.77,5,0.005,0.12173262387316344,0.12250558262067013,0.014745710068441761,0.2805194805194805,0.2956521739130435,-0.01513269339356299,0.9935483870967742,0.12109843852482728
1000,123,1,24,9,0.009,5,0.005,0.8178537113296057,0.9831231865837202,0.01968754258729387,0.5555555555555556,0.2815338042381433,0.2740217513174123,0.6428571428571429,0.5182147400948448
1000,123,2,61,15,0.015,5,0.005,0.4606890054548933,0.5537836862421099,0.022941935515536284,0.5333333333333333,0.2802030456852792,0.2531302876480541,0.75,0.513578162027986
1000,123,3,95,6,0.006,5,0.005,0.8318934213845433,1.0,0.016189834648348427,0.6666666666666666,0.28169014084507044,0.3849765258215962,0.5454545454545454,0.471799970620934
1000,123,4,102,6,0.006,5,0.005,0.8318934213845433,1.0,0.01505815998358046,0.6666666666666666,0.28169014084507044,0.3849765258215962,0.5454545454545454,0.46423929959908106
1000,123,5,75,31,0.031,5,0.005,0.45003095577418534,0.5409718891936738,0.018606553594836744,0.41935483870967744,0.27966976264189886,0.13968507606777858,0.8611111111111112,0.4556756647808165
1000,123,6,69,31,0.031,5,0.005,0.45003095577418534,0.5409718891936738,0.016334688198847938,0.41935483870967744,0.27966976264189886,0.13968507606777858,0.8611111111111112,0.43171372498143323
1000,123,7,66,799,0.799,5,0.005,0.12334232646066803,0.1482669814306092,0.027214387368938445,0.27909887359199,0.3034825870646766,-0.02438371347268664,0.9937810945273632,0.38037533920524746
1000,123,8,74,130,0.13,5,0.005,0.18161659786364814,0.21831714639764624,0.024043557254390835,0.2923076923076923,0.2827586206896552,0.009549071618037142,0.9629629629629629,0.3616273988479737
1000,123,9,67,130,0.13,5,0.005,0.18161659786364814,0.21831714639764624,0.02300419976356173,0.2923076923076923,0.2827586206896552,0.009549071618037142,0.9629629629629629,0.34936840809946373
1000,123,10,73,799,0.799,5,0.005,0.12334232646066803,0.1482669814306092,0.020281937211828808,0.27909887359199,0.3034825870646766,-0.02438371347268664,0.9937810945273632,0.295991813051822
1000,123,11,70,164,0.164,5,0.005,0.3148718258770056,0.37850019940409635,0.013479766518913644,0.25609756097560976,0.2894736842105263,-0.033376123234916566,0.9704142011834319,0.2826550848763251
1000,123,12,77,164,0.164,5,0.005,0.3148718258770056,0.37850019940409635,0.01237353761192899,0.25609756097560976,0.2894736842105263,-0.033376123234916566,0.9704142011834319,0.2695063996295062
1000,123,13,39,175,0.175,5,0.005,0.20232417726634794,0.24320925261028536,0.012215542153804613,0.30857142857142855,0.2787878787878788,0.029783549783549745,0.9722222222222222,0.2493546574180129
1000,123,14,13,72,0.072,5,0.005,0.18566021949995143,0.22317789121466064,0.011185987257224873,0.3333333333333333,0.2801724137931034,0.05316091954022989,0.935064935064935,0.24071648988810082
1000,123,15,86,626,0.626,5,0.005,-0.1864872659375735,0.0,0.01966053948384559,0.2779552715654952,0.29411764705882354,-0.01616237549332833,0.9920760697305864,0.23890244126505167
1000,123,16,18,72,0.072,5,0.005,0.18566021949995143,0.22317789121466064,0.010973573172006593,0.3333333333333333,0.2801724137931034,0.05316091954022989,0.935064935064935,0.23828369628143414
1000,123,17,33,175,0.175,5,0.005,0.20232417726634794,0.24320925261028536,0.01112085119422244,0.30857142857142855,0.2787878787878788,0.029783549783549745,0.9722222222222222,0.23631887034279977
1000,123,18,87,64,0.064,5,0.005,-0.17358241671334673,0.0,0.020461209839900726,0.234375,0.28739316239316237,-0.05301816239316237,0.927536231884058,0.23245686454256353
1000,123,19,59,779,0.779,5,0.005,0.002274950785175028,0.0027346661563794603,0.01805724148448364,0.2862644415917843,0.27601809954751133,0.010246342044272994,0.9936224489795918,0.2294831890042621
1000,123,20,49,67,0.067,5,0.005,0.11002122561270697,0.1322539916586858,0.012585301741293513,0.3283582089552239,0.2808145766345123,0.04754363232071157,0.9305555555555556,0.22277555234438068
1000,456,1,95,11,0.011,5,0.005,0.4252658420113226,0.7957885028282566,0.013130376010548055,0.45454545454545453,0.282103134479272,0.17244232006618254,0.6875,0.4854214875270287
1000,456,2,102,11,0.011,5,0.005,0.4252658420113226,0.7957885028282566,0.0067812297380033144,0.45454545454545453,0.282103134479272,0.17244232006618254,0.6875,0.4496938760586384
1000,456,3,31,73,0.073,5,0.005,0.2841490856297524,0.5317205218360761,0.01570367032889215,0.3561643835616438,0.2783171521035599,0.07784723145808392,0.9358974358974359,0.4270066263178615
1000,456,4,23,73,0.073,5,0.005,0.2841490856297524,0.5317205218360761,0.0137065883187983,0.3561643835616438,0.2783171521035599,0.07784723145808392,0.9358974358974359,0.4117084344037081
1000,456,5,93,34,0.034,5,0.005,0.534395559247105,1.0,0.004816617756688315,0.3235294117647059,0.2826086956521739,0.04092071611253201,0.8717948717948718,0.3939269624899786
1000,456,6,75,29,0.029,5,0.005,0.2958382554174663,0.5535941500604245,0.0153818396544196,0.3448275862068966,0.282183316168898,0.06264427003799855,0.8529411764705882,0.3680638783538683
1000,456,7,73,768,0.768,5,0.005,0.06101773002659788,0.11418083285078952,0.0373450278184696,0.2838541666666667,0.28448275862068967,-0.0006285919540229834,0.9935316946959897,0.34150407091420437
1000,456,8,69,29,0.029,5,0.005,0.2958382554174663,0.5535941500604245,0.011051828104053387,0.3448275862068966,0.282183316168898,0.06264427003799855,0.8529411764705882,0.33783485726751483
1000,456,9,67,159,0.159,5,0.005,-0.08429682784997411,0.0,0.040725159831786734,0.2893081761006289,0.28299643281807374,0.006311743282555182,0.9695121951219512,0.3349994446020939
1000,456,10,39,192,0.192,5,0.005,0.11997271148237439,0.2245016999231816,0.01565084546657324,0.3333333333333333,0.2722772277227723,0.06105610561056102,0.9746192893401016,0.3128114093125062
1000,456,11,66,768,0.768,5,0.005,0.06101773002659788,0.11418083285078952,0.031023727198679043,0.2838541666666667,0.28448275862068967,-0.0006285919540229834,0.9935316946959897,0.29009921829235047
1000,456,12,82,16,0.016,5,0.005,0.05267021542448429,0.09856035386725497,0.020380578494778923,0.375,0.28252032520325204,0.09247967479674796,0.7619047619047619,0.28832906332579644
1000,456,13,74,159,0.159,5,0.005,-0.08429682784997411,0.0,0.03451185305507096,0.2893081761006289,0.28299643281807374,0.006311743282555182,0.9695121951219512,0.28569432448354704
1000,456,14,89,16,0.016,5,0.005,0.05267021542448429,0.09856035386725497,0.019814676658378008,0.375,0.28252032520325204,0.09247967479674796,0.7619047619047619,0.2848000139150193
1000,456,15,86,591,0.591,5,0.005,0.13369117942153294,0.25017269905814093,0.024891363116217303,0.27580372250423013,0.29584352078239606,-0.020039798278165932,0.9916107382550335,0.2847166530021487
1000,456,16,25,192,0.192,5,0.005,0.11997271148237439,0.2245016999231816,0.011555448041341709,0.3333333333333333,0.2722772277227723,0.06105610561056102,0.9746192893401016,0.2801415696308373
1000,456,17,61,14,0.014,5,0.005,0.27571380043819677,0.5159358001152596,0.007483592298143531,0.35714285714285715,0.2829614604462475,0.07418139669660967,0.7368421052631579,0.27751320113233574
1000,456,18,33,192,0.192,5,0.005,0.11997271148237439,0.2245016999231816,0.010672848895710322,0.3333333333333333,0.2722772277227723,0.06105610561056102,0.9746192893401016,0.2731008921099432
1000,456,19,55,91,0.091,5,0.005,0.1459402115096664,0.2730939825085326,0.01354031638843272,0.31868131868131866,0.28052805280528054,0.03815326587603812,0.9479166666666666,0.2612542670679406
1000,456,20,49,91,0.091,5,0.005,0.1459402115096664,0.2730939825085326,0.013119443178368703,0.31868131868131866,0.28052805280528054,0.03815326587603812,0.9479166666666666,0.2579888595408243
1000,789,1,73,789,0.789,5,0.005,0.23448746196492304,0.3842199051761205,0.04191484649707061,0.2902408111533587,0.26066350710900477,0.029577304044353936,0.9937027707808564,0.49105377987061016
1000,789,2,78,38,0.038,5,0.005,0.6102949347651252,1.0,0.010461427450769459,0.34210526315789475,0.2817047817047817,0.06040048145311305,0.8837209302325582,0.4621461064578495
1000,789,3,66,789,0.789,5,0.005,0.23448746196492304,0.3842199051761205,0.036333665102158255,0.2902408111533587,0.26066350710900477,0.029577304044353936,0.9937027707808564,0.4498659541838505
1000,789,4,83,25,0.025,5,0.005,0.48283674588441966,0.7911531267586902,0.016634906441274994,0.36,0.28205128205128205,0.07794871794871794,0.8333333333333334,0.4430880985652814
1000,789,5,86,637,0.637,5,0.005,0.3075834972526005,0.5039915616716947,0.03507986325798912,0.28728414442700156,0.27823691460055094,0.00904722982645062,0.9922118380062306,0.44181666675016124
1000,789,6,77,174,0.174,5,0.005,0.5597030978319233,0.9171026432446594,0.014900942971786131,0.29310344827586204,0.2820823244552058,0.011021123820656231,0.9720670391061452,0.4245859685686134
1000,789,7,70,174,0.174,5,0.005,0.5597030978319233,0.9171026432446594,0.0132060267697856,0.29310344827586204,0.2820823244552058,0.011021123820656231,0.9720670391061452,0.41235021628520147
1000,789,8,61,13,0.013,5,0.005,0.23753022235459326,0.38920562636818845,0.01173669585477524,0.46153846153846156,0.281661600810537,0.17987686072792458,0.7222222222222222,0.3973894338070805
1000,789,9,67,127,0.127,5,0.005,0.20599023849512438,0.3375257220091474,0.03768578408386778,0.25984251968503935,0.28751431844215347,-0.02767179875711412,0.9621212121212122,0.3775203592185964
1000,789,10,74,127,0.127,5,0.005,0.20599023849512438,0.3375257220091474,0.029475684648860363,0.25984251968503935,0.28751431844215347,-0.02767179875711412,0.9621212121212122,0.3188573368770912
1000,789,11,93,34,0.034,5,0.005,0.4296781567792614,0.7040500130393922,0.0070495118579785975,0.3235294117647059,0.2826086956521739,0.04092071611253201,0.8717948717948718,0.31634625586747667
1000,789,12,48,777,0.777,5,0.005,0.3727498658769107,0.6107700468141116,0.014522242664857181,0.28314028314028317,0.28699551569506726,-0.0038552325547840938,0.9936061381074168,0.30944865379258446
1000,789,13,87,45,0.045,5,0.005,-0.6753660332500437,0.0,0.04488409964094338,0.26666666666666666,0.2848167539267016,-0.01815008726003492,0.9,0.3
1000,789,14,101,8,0.008,5,0.005,0.3282015413435051,0.5377752995276209,0.013754690922109984,0.375,0.28326612903225806,0.09173387096774194,0.6153846153846154,0.27778582057438966
1000,789,15,29,854,0.854,5,0.005,0.13953734849168242,0.228639204658292,0.014856297594039846,0.2892271662763466,0.2534246575342466,0.0358025087421,0.9941792782305006,0.25141820763325284
1000,789,16,24,10,0.01,5,0.005,0.19995222213015812,0.32763211807928677,0.00433616668563172,0.4,0.2828282828282828,0.1171717171717172,0.6666666666666666,0.23903106874950036
1000,789,17,94,72,0.072,5,0.005,0.3736169114302328,0.6121907460595605,0.004772824290875564,0.2916666666666667,0.2834051724137931,0.008261494252873591,0.935064935064935,0.2382719985129219
1000,789,18,35,854,0.854,5,0.005,0.13953734849168242,0.228639204658292,0.012381121046084888,0.2892271662763466,0.2534246575342466,0.0358025087421,0.9941792782305006,0.23314321898750237
1000,789,19,42,854,0.854,5,0.005,0.13953734849168242,0.228639204658292,0.012380868823844354,0.2892271662763466,0.2534246575342466,0.0358025087421,0.9941792782305006,0.23314135675323636
1000,789,20,49,77,0.077,5,0.005,-0.2332125173852284,0.0,0.012616454056727407,0.35064935064935066,0.27843986998916576,0.0722094806601849,0.9390243902439024,0.2136368186897704
1000,2026,1,63,15,0.015,5,0.005,0.1760703102357422,0.4764717984346246,0.016450895887114517,0.5333333333333333,0.2802030456852792,0.2531302876480541,0.75,0.46505001779152455
1000,2026,2,75,22,0.022,5,0.005,0.16965653078348578,0.45911518092036013,0.022736223071648905,0.45454545454545453,0.28016359918200406,0.17438185536345047,0.8148148148148148,0.4558493818251544
1000,2026,3,86,609,0.609,5,0.005,0.2797080092213743,0.7569304445016103,0.021917160175508394,0.28735632183908044,0.27877237851662406,0.008583943322456378,0.99185667752443,0.43049032838141504
1000,2026,4,69,22,0.022,5,0.005,0.16965653078348578,0.45911518092036013,0.01355613081220012,0.45454545454545453,0.28016359918200406,0.17438185536345047,0.8148148148148148,0.3976901110219728
1000,2026,5,26,17,0.017,5,0.005,0.14158612164992707,0.383152582201957,0.014814755341702047,0.47058823529411764,0.2807731434384537,0.18981509185566392,0.7727272727272727,0.38084839549034677
1000,2026,6,98,38,0.038,5,0.005,0.36952934216504385,1.0,0.01056688959333874,0.2894736842105263,0.28378378378378377,0.005689900426742556,0.8837209302325582,0.37380158016912945
1000,2026,7,83,22,0.022,5,0.005,0.16965653078348578,0.45911518092036013,0.00961147543341016,0.45454545454545453,0.28016359918200406,0.17438185536345047,0.8148148148148148,0.37269926409838783
1000,2026,8,32,22,0.022,5,0.005,0.11856828183334675,0.3208629689287036,0.015448779895347271,0.45454545454545453,0.28016359918200406,0.17438185536345047,0.8148148148148148,0.37213075761754594
1000,2026,9,45,22,0.022,5,0.005,0.11856828183334675,0.3208629689287036,0.015043352095408753,0.45454545454545453,0.28016359918200406,0.17438185536345047,0.8148148148148148,0.36956222295129654
1000,2026,10,37,22,0.022,5,0.005,0.11856828183334675,0.3208629689287036,0.01306742182120581,0.45454545454545453,0.28016359918200406,0.17438185536345047,0.8148148148148148,0.3570439757858291
1000,2026,11,87,59,0.059,5,0.005,-0.49239100370715827,0.0,0.04287121136530527,0.23728813559322035,0.2869287991498406,-0.04964066355662025,0.921875,0.30729166666666663
1000,2026,12,60,65,0.065,5,0.005,0.17316109888828668,0.468599050548325,0.02032973452413867,0.26153846153846155,0.28556149732620323,-0.024023035787741676,0.9285714285714286,0.2918202417144994
1000,2026,13,56,121,0.121,5,0.005,0.08857875129800742,0.23970694932919634,0.017524014550879083,0.33884297520661155,0.2764505119453925,0.062392463261219056,0.9603174603174603,0.2864787150694439
1000,2026,14,50,121,0.121,5,0.005,0.08857875129800742,0.23970694932919634,0.015730833058338098,0.33884297520661155,0.2764505119453925,0.062392463261219056,0.9603174603174603,0.2730895941655045
1000,2026,15,78,45,0.045,5,0.005,0.12563279520013615,0.33998056680442024,0.010181351049107773,0.35555555555555557,0.2806282722513089,0.0749272833042467,0.9,0.2620410909157421
1000,2026,16,43,121,0.121,5,0.005,0.08857875129800742,0.23970694932919634,0.013323001252567565,0.33884297520661155,0.2764505119453925,0.062392463261219056,0.9603174603174603,0.2551110731413281
1000,2026,17,73,778,0.778,5,0.005,0.0280120443116231,0.07580465504444843,0.02685610320387148,0.27892030848329047,0.30180180180180183,-0.02288149331851136,0.9936143039591315,0.2325857084856
1000,2026,18,66,778,0.778,5,0.005,0.0280120443116231,0.07580465504444843,0.0266167541875466,0.27892030848329047,0.30180180180180183,-0.02288149331851136,0.9936143039591315,0.23073659965720322
1000,2026,19,74,152,0.152,5,0.005,0.004133608182180611,0.011186143319396833,0.028719434872166945,0.26973684210526316,0.2865566037735849,-0.01681976166832172,0.9681528662420382,0.21979857872977215
1000,2026,20,30,144,0.144,5,0.005,0.04455501571465805,0.12057233521325711,0.011962990876422639,0.3263888888888889,0.27686915887850466,0.04951973001038423,0.9664429530201343,0.19175729491479412
2500,42,1,86,1522,0.6088,13,0.0052,0.4805308676526176,0.8643396782441627,0.040942055046087035,0.28777923784494086,0.278118609406953,0.009660628437987873,0.9915309446254071,0.5640358366835532
2500,42,2,61,19,0.0076,13,0.0052,0.18971188974620443,0.3412382529000542,0.016439762769358986,0.47368421052631576,0.2825473599355099,0.19113685059080587,0.59375,0.32836877203076903
2500,42,3,93,112,0.0448,13,0.0052,0.5559514155693718,1.0,0.00470138227191686,0.2767857142857143,0.2843383584589615,-0.007552644173247192,0.896,0.3258179990280092
2500,42,4,87,153,0.0612,13,0.0052,-0.6068974091150072,0.0,0.05171555315194636,0.23529411764705882,0.2871751171708564,-0.0518809995237976,0.9216867469879518,0.3072289156626506
2500,42,5,74,342,0.1368,13,0.0052,0.09119196406485465,0.164028657021156,0.03317040003140493,0.30409356725146197,0.2808155699721965,0.023277997279265494,0.9633802816901409,0.2977540579326231
2500,42,6,67,342,0.1368,13,0.0052,0.09119196406485465,0.164028657021156,0.032247694903253916,0.30409356725146197,0.2808155699721965,0.023277997279265494,0.9633802816901409,0.2920245376877603
2500,42,7,83,47,0.0188,13,0.0052,0.2796881494387533,0.503080200186762,0.008734099018444791,0.3617021276595745,0.2825112107623318,0.07919091689724267,0.7833333333333333,0.2836404968601022
2500,42,8,77,421,0.1684,13,0.0052,0.17259340766510292,0.31044692545362657,0.018141315447267173,0.31353919239904987,0.278018278018278,0.03552091438077187,0.9700460829493087,0.2739013925186074
2500,42,9,70,421,0.1684,13,0.0052,0.17259340766510292,0.31044692545362657,0.01442982371761853,0.31353919239904987,0.278018278018278,0.03552091438077187,0.9700460829493087,0.2506954915544992
2500,42,10,78,90,0.036,13,0.0052,0.22916282727221887,0.4121993772378908,0.007065924663806958,0.32222222222222224,0.2825726141078838,0.03964960811433843,0.8737864077669902,0.2202730694576009
2500,42,11,54,1947,0.7788,13,0.0052,0.1733019038629792,0.3117213105492211,0.01684240899026971,0.2773497688751926,0.3074141048824593,-0.030064336007266712,0.9933673469387755,0.21105588296305533
2500,42,12,62,442,0.1768,13,0.0052,0.06735136333319945,0.12114613156299325,0.017761931730532934,0.30995475113122173,0.2784256559766764,0.03152909515454533,0.9714285714285714,0.20385625739318533
2500,42,13,98,97,0.0388,13,0.0052,0.30142471143905064,0.5421781526185157,0.00782631931967834,0.27835051546391754,0.2842280482729921,-0.005877532809074548,0.8818181818181818,0.20385052932020553
2500,42,14,81,254,0.1016,13,0.0052,-0.1503907350326398,0.0,0.02715593733621851,0.3031496062992126,0.28183437221727514,0.021315234081937473,0.951310861423221,0.20187454583193615
2500,42,15,59,1947,0.7788,13,0.0052,0.1733019038629792,0.3117213105492211,0.012594925700173357,0.2773497688751926,0.3074141048824593,-0.030064336007266712,0.9933673469387755,0.18386025257147234
2500,42,16,66,1967,0.7868,13,0.0052,-0.14114831377809064,0.0,0.028290999021080957,0.28012201321809865,0.29831144465290804,-0.01818943143480939,0.9934343434343434,0.18115278882694272
2500,42,17,49,193,0.0772,13,0.0052,0.09012477454373705,0.1621090836713433,0.013687556647589432,0.31088082901554404,0.28175119202427396,0.02912963699127008,0.9368932038834952,0.18087694544090765
2500,42,18,88,254,0.1016,13,0.0052,-0.1503907350326398,0.0,0.023028268747459054,0.3031496062992126,0.28183437221727514,0.021315234081937473,0.951310861423221,0.17656497117132272
2500,42,19,55,193,0.0772,13,0.0052,0.09012477454373705,0.1621090836713433,0.012642410009039129,0.31088082901554404,0.28175119202427396,0.02912963699127008,0.9368932038834952,0.1745655573249542
2500,42,20,73,1967,0.7868,13,0.0052,-0.14114831377809064,0.0,0.025378516035852287,0.28012201321809865,0.29831144465290804,-0.01818943143480939,0.9934343434343434,0.16250359178755752
2500,123,1,95,21,0.0084,13,0.0052,0.49107261889270826,1.0,0.029793220107312078,0.5714285714285714,0.28156514723678905,0.28986342419178235,0.6176470588235294,0.5501420869229722
2500,123,2,102,21,0.0084,13,0.0052,0.49107261889270826,1.0,0.02076004609150417,0.5714285714285714,0.28156514723678905,0.28986342419178235,0.6176470588235294,0.5081866702782003
2500,123,3,54,1947,0.7788,13,0.0052,0.37812665272693025,0.7700014991256213,0.019129309430133717,0.2809450436569081,0.29475587703435807,-0.013810833377449983,0.9933673469387755,0.3978595924612535
2500,123,4,59,1947,0.7788,13,0.0052,0.37812665272693025,0.7700014991256213,0.01826216187966513,0.2809450436569081,0.29475587703435807,-0.013810833377449983,0.9933673469387755,0.3913820515325188
2500,123,5,61,32,0.0128,13,0.0052,0.36449871915220744,0.7422501380225492,0.011563882861207717,0.40625,0.2824149108589951,0.12383508914100488,0.7111111111111111,0.33904444254101723
2500,123,6,55,195,0.078,13,0.0052,0.17385618171494266,0.35403354824987204,0.0211906755227415,0.3384615384615385,0.27939262472885035,0.05906891373268813,0.9375,0.32370795263364016
2500,123,7,78,97,0.0388,13,0.0052,0.30376071008448546,0.6185657648138033,0.012317428425005168,0.32989690721649484,0.28214731585518105,0.04774959136131379,0.8818181818181818,0.3119201191244738
2500,123,8,87,151,0.0604,13,0.0052,-0.6505089999696014,0.0,0.04432731860698565,0.23841059602649006,0.28693060876968923,-0.04852001274319917,0.9207317073170732,0.30691056910569103
2500,123,9,83,54,0.0216,13,0.0052,0.2486244874893802,0.5062886382262352,0.009537827091827277,0.3888888888888889,0.28168438266557644,0.10720450622331246,0.8059701492537313,0.2931855251959032
2500,123,10,74,345,0.138,13,0.0052,0.1419724165579514,0.28910676567159643,0.02117303369387986,0.2985507246376812,0.2816705336426914,0.016880190994989774,0.9636871508379888,0.26501196719242415
2500,123,11,89,32,0.0128,13,0.0052,-0.26161302584305907,0.0,0.02062789911793498,0.46875,0.2816045380875203,0.18714546191247972,0.7111111111111111,0.2633451456114084
2500,123,12,67,345,0.138,13,0.0052,0.1419724165579514,0.28910676567159643,0.020723471521813794,0.2985507246376812,0.2816705336426914,0.016880190994989774,0.9636871508379888,0.2617541019726782
2500,123,13,49,196,0.0784,13,0.0052,0.09535548123857213,0.19417796384897978,0.018121291854224987,0.336734693877551,0.2795138888888889,0.05722080498866211,0.937799043062201,0.25020180253955787
2500,123,14,66,1963,0.7852,13,0.0052,0.11138888683191779,0.22682772882569235,0.02248811091627008,0.28222109016811003,0.2905027932960894,-0.008281703127979378,0.993421052631579,0.24310575454572542
2500,123,15,82,32,0.0128,13,0.0052,-0.26161302584305907,0.0,0.015182217315991202,0.46875,0.2816045380875203,0.18714546191247972,0.7111111111111111,0.2342247674891946
2500,123,16,77,412,0.1648,13,0.0052,0.14032448668857947,0.2857509893444867,0.016190665998389964,0.30097087378640774,0.28065134099616856,0.02031953279023918,0.9694117647058823,0.23301553606479436
2500,123,17,93,118,0.0472,13,0.0052,0.33800802157311177,0.6883055755282526,0.002712312185713745,0.2627118644067797,0.2850545759865659,-0.022342711579786234,0.9007633587786259,0.22503886622974617
2500,123,18,70,412,0.1648,13,0.0052,0.14032448668857947,0.2857509893444867,0.012820091867919804,0.30097087378640774,0.28065134099616856,0.02031953279023918,0.9694117647058823,0.20844472722295188
2500,123,19,73,1963,0.7852,13,0.0052,0.11138888683191779,0.22682772882569235,0.017601737686338877,0.28222109016811003,0.2905027932960894,-0.008281703127979378,0.993421052631579,0.20660286204680164
2500,123,20,98,104,0.0416,13,0.0052,0.29499614855454115,0.6007179736872954,0.003895320651197425,0.2692307692307692,0.2846410684474123,-0.015410299216643109,0.8888888888888888,0.20402793229663926
2500,456,1,75,61,0.0244,13,0.0052,0.7006269038976557,1.0,0.023520292449779993,0.36065573770491804,0.2820828208282083,0.07857291687670975,0.8243243243243243,0.5527712791424706
2500,456,2,69,61,0.0244,13,0.0052,0.7006269038976557,1.0,0.021609061706450373,0.36065573770491804,0.2820828208282083,0.07857291687670975,0.8243243243243243,0.5395200193951292
2500,456,3,74,345,0.138,13,0.0052,0.28883830413433964,0.41225694093033544,0.03963079790556387,0.3130434782608696,0.27935034802784225,0.033693130233027335,0.9636871508379888,0.5112693822736817
2500,456,4,67,345,0.138,13,0.0052,0.28883830413433964,0.41225694093033544,0.03523846336103461,0.3130434782608696,0.27935034802784225,0.033693130233027335,0.9636871508379888,0.47566713531387117
2500,456,5,89,28,0.0112,13,0.0052,0.11422921813465191,0.1630385837300618,0.01985182993212524,0.4642857142857143,0.281957928802589,0.18232778548312528,0.6829268292682927,0.37207667471480776
2500,456,6,82,28,0.0112,13,0.0052,0.11422921813465191,0.1630385837300618,0.018425159647451367,0.4642857142857143,0.281957928802589,0.18232778548312528,0.6829268292682927,0.36388177356540957
2500,456,7,48,1939,0.7756,13,0.0052,0.375026440604508,0.5352726801072003,0.015964386071408827,0.28261990716864366,0.2887700534759358,-0.006150146307292159,0.9933401639344263,0.31061761936649324
2500,456,8,73,1970,0.788,13,0.0052,0.11949714798672752,0.17055746406818414,0.030158164893995684,0.28071065989847716,0.2962264150943396,-0.015515755195862457,0.9934442763489663,0.308476188033559
2500,456,9,66,1970,0.788,13,0.0052,0.11949714798672752,0.17055746406818414,0.0262115524175197,0.28071065989847716,0.2962264150943396,-0.015515755195862457,0.9934442763489663,0.27549897684993013
2500,456,10,61,26,0.0104,13,0.0052,0.28971081539586263,0.4135022703013161,0.008438807285623802,0.38461538461538464,0.28294260307194824,0.1016727815434364,0.6666666666666666,0.2594749055401733
2500,456,11,102,17,0.0068,13,0.0052,0.04021694176795803,0.05740136661071287,0.009466409630483157,0.47058823529411764,0.28272251308900526,0.18786572220511238,0.5666666666666667,0.24485030935001995
2500,456,12,95,17,0.0068,13,0.0052,0.04021694176795803,0.05740136661071287,0.00885556342928411,0.47058823529411764,0.28272251308900526,0.18786572220511238,0.5666666666666667,0.24193888524744622
2500,456,13,51,52,0.0208,13,0.0052,0.2726047309204965,0.38908687263359404,0.01102734620748771,0.3269230769230769,0.28308823529411764,0.04383484162895929,0.8,0.24017853704813713
2500,456,14,68,184,0.0736,13,0.0052,0.12683066279176275,0.18102453971748933,0.015420038385339736,0.30978260869565216,0.2819516407599309,0.027830967935721262,0.934010152284264,0.22362062200893407
2500,456,15,93,108,0.0432,13,0.0052,0.30204489423226927,0.43110661687692,0.006142881647167042,0.3055555555555556,0.2830267558528428,0.022528799702712765,0.8925619834710744,0.21005822504010088
2500,456,16,44,52,0.0208,13,0.0052,0.2726047309204965,0.38908687263359404,0.006031530018702516,0.3269230769230769,0.28308823529411764,0.04383484162895929,0.8,0.20656282097001888
2500,456,17,49,214,0.0856,13,0.0052,-0.3663439179108468,0.0,0.018646234732816472,0.3130841121495327,0.28127734033245844,0.03180677181707425,0.9427312775330396,0.20105456402346267
2500,456,18,63,37,0.0148,13,0.0052,0.043434661995932364,0.06199399673963576,0.02067177697231528,0.32432432432432434,0.2833942346731628,0.040930089651161516,0.74,0.1976963656859293
2500,456,19,98,97,0.0388,13,0.0052,0.22714829983431367,0.3242072186646924,0.006706384363487655,0.30927835051546393,0.28297960882230544,0.02629874169315849,0.8818181818181818,0.18618581521541053
2500,456,20,62,441,0.1764,13,0.0052,0.00915032205700806,0.013060192245122088,0.021544002137724803,0.2789115646258503,0.2850898494414764,-0.0061782848156261005,0.9713656387665198,0.18024591672988693
2500,789,1,62,446,0.1784,13,0.0052,0.7388717414958339,1.0,0.01724167978163091,0.3094170403587444,0.27848101265822783,0.030936027700516566,0.971677559912854,0.47463289281267457
2500,789,2,61,28,0.0112,13,0.0052,0.5012644701316231,0.6784187863468987,0.015467386579268298,0.4642857142857143,0.281957928802589,0.18232778548312528,0.6829268292682927,0.4424719148650609
2500,789,3,86,1531,0.6124,13,0.0052,0.36365617046588095,0.49217766770950655,0.042852275867405976,0.2847811887655127,0.28276573787409703,0.0020154508914156932,0.991580310880829,0.4092699198671805
2500,789,4,78,99,0.0396,13,0.0052,0.49612759728614014,0.671466466266172,0.01283855903502767,0.31313131313131315,0.282798833819242,0.03033247931207117,0.8839285714285714,0.31174281106761115
2500,789,5,87,135,0.054,13,0.0052,-0.6306267900820902,0.0,0.05830212655719809,0.25925925925925924,0.2854122621564482,-0.02615300289718897,0.9121621621621622,0.30405405405405406
2500,789,6,93,93,0.0372,13,0.0052,0.46920226973653983,0.6350253276524657,0.006336423089694199,0.3118279569892473,0.2829248026589115,0.0289031543303358,0.8773584905660378,0.26385998106166925
2500,789,7,68,171,0.0684,13,0.0052,0.17315114136487955,0.23434532902061983,0.015454798813746881,0.3216374269005848,0.2812365822241305,0.04040084467645427,0.9293478260869565,0.22335640064314613
2500,789,8,55,202,0.0808,13,0.0052,0.03971042277312089,0.0537446765696138,0.017925074092832127,0.33663366336633666,0.2793733681462141,0.05726029522012255,0.9395348837209302,0.21147287094913267
2500,789,9,48,1942,0.7768,13,0.0052,0.22626721889576346,0.30623341804585613,0.016572991094732238,0.2780638516992791,0.3046594982078853,-0.026595646508606186,0.9933503836317136,0.19552245020897918
2500,789,10,98,80,0.032,13,0.0052,0.26280895746097854,0.3556895502985756,0.009331908162526232,0.3125,0.2830578512396694,0.029442148760330578,0.8602150537634409,0.19418780451123277
2500,789,11,49,203,0.0812,13,0.0052,-0.15582091742741944,0.0,0.017764156518724716,0.33497536945812806,0.27949499346974316,0.0554803759883849,0.9398148148148148,0.19077632970689132
2500,789,12,67,342,0.1368,13,0.0052,0.05819772345962233,0.07876566417576342,0.026304959763361092,0.29239766081871343,0.28266913809082483,0.0097285227278886,0.9633802816901409,0.187315335339979
2500,789,13,74,342,0.1368,13,0.0052,0.05819772345962233,0.07876566417576342,0.026122463234384826,0.29239766081871343,0.28266913809082483,0.0097285227278886,0.9633802816901409,0.18631014869199772
2500,789,14,82,33,0.0132,13,0.0052,0.04775680312597776,0.06463476736746608,0.013169104199980089,0.36363636363636365,0.28293473854884477,0.08070162508751888,0.717391304347826,0.1753137042151938
2500,789,15,19,327,0.1308,13,0.0052,0.03165562816606508,0.042843197795031075,0.012041916933962457,0.3302752293577982,0.27703635526921305,0.05323887408858513,0.961764705882353,0.1735606844852544
2500,789,16,89,33,0.0132,13,0.0052,0.04775680312597776,0.06463476736746608,0.012339666051023832,0.36363636363636365,0.28293473854884477,0.08070162508751888,0.717391304347826,0.17191170300361527
2500,789,17,83,63,0.0252,13,0.0052,0.15794744109100622,0.21376841503133437,0.012465285260196938,0.31746031746031744,0.2831350020517029,0.034325315408614554,0.8289473684210527,0.17016492616178197
2500,789,18,14,327,0.1308,13,0.0052,0.03165562816606508,0.042843197795031075,0.01132582495168225,0.3302752293577982,0.27703635526921305,0.05323887408858513,0.961764705882353,0.16962308085972877
2500,789,19,66,1952,0.7808,13,0.0052,-0.0929001823005336,0.0,0.029574151796877276,0.2817622950819672,0.291970802919708,-0.010208507837740799,0.9933842239185751,0.16796697688187467
2500,789,20,10,327,0.1308,13,0.0052,0.03165562816606508,0.042843197795031075,0.010794711008538316,0.3302752293577982,0.27703635526921305,0.05323887408858513,0.961764705882353,0.16670262337683456
2500,2026,1,69,48,0.0192,13,0.0052,0.5288483567334697,1.0,0.01834986796753846,0.3958333333333333,0.28181076672104405,0.11402256661228927,0.7868852459016393,0.6459309650478424
2500,2026,2,75,48,0.0192,13,0.0052,0.5288483567334697,1.0,0.017180530917456503,0.3958333333333333,0.28181076672104405,0.11402256661228927,0.7868852459016393,0.6353897110125231
2500,2026,3,63,31,0.0124,13,0.0052,-0.012980567777723306,0.0,0.02254892817780076,0.41935483870967744,0.2823005265289591,0.13705431218071834,0.7045454545454546,0.4168504542846647
2500,2026,4,74,358,0.1432,13,0.0052,0.13192986753981342,0.24946634675146348,0.02909628744083862,0.2681564245810056,0.28664799253034545,-0.01849156794933987,0.9649595687331537,0.40189483570262713
2500,2026,5,86,1540,0.616,13,0.0052,0.16782366155408387,0.3173379654437766,0.02180646343583222,0.2896103896103896,0.275,0.014610389610389574,0.9916291049581455,0.3878590331748427
2500,2026,6,60,169,0.0676,13,0.0052,0.22432165781266747,0.4241700951823542,0.02408807665612529,0.26627218934911245,0.2852852852852853,-0.01901309593617284,0.9285714285714286,0.38753763661479335
2500,2026,7,99,15,0.006,13,0.0052,0.3209972694041115,0.6069741265469951,0.0165736129827732,0.4,0.2832997987927565,0.1167002012072435,0.5357142857142857,0.3621563366096792
2500,2026,8,67,358,0.1432,13,0.0052,0.13192986753981342,0.24946634675146348,0.023842738749770075,0.2681564245810056,0.28664799253034545,-0.01849156794933987,0.9649595687331537,0.3438179866709439
2500,2026,9,73,1978,0.7912,13,0.0052,0.037897213466245354,0.07165988696707794,0.02707114370821313,0.2846309403437816,0.28160919540229884,0.0030217449414827735,0.99347061778001,0.33913981664042514
2500,2026,10,66,1978,0.7912,13,0.0052,0.037897213466245354,0.07165988696707794,0.022900394259218543,0.2846309403437816,0.28160919540229884,0.0030217449414827735,0.99347061778001,0.29167079342886376
2500,2026,11,26,36,0.0144,13,0.0052,0.10110261539501593,0.19117505823312952,0.010907033011779312,0.3611111111111111,0.28287337662337664,0.07823773448773447,0.7346938775510204,0.2784213206611296
2500,2026,12,62,411,0.1644,13,0.0052,-0.13924758787240799,0.0,0.023705489172453353,0.2773722627737226,0.2853039731929153,-0.007931710419192661,0.9693396226415094,0.2632485899983033
2500,2026,13,83,46,0.0184,13,0.0052,-0.25301291743488646,0.0,0.010117820750763994,0.3695652173913043,0.2823960880195599,0.08716912937174442,0.7796610169491526,0.25566505628394254
2500,2026,14,49,189,0.0756,13,0.0052,-0.12091196079172616,0.0,0.023318352274478336,0.2698412698412698,0.28515794028559066,-0.015316670444320835,0.9356435643564357,0.24994788174005236
2500,2026,15,87,148,0.0592,13,0.0052,-0.2179261476184699,0.0,0.0232884834205752,0.2702702702702703,0.2848639455782313,-0.014593675307961018,0.9192546583850931,0.24525519409325178
2500,2026,16,56,277,0.1108,13,0.0052,0.08869761545375515,0.16771842877911633,0.012608207062743262,0.30324909747292417,0.28160143949617633,0.021647657976747836,0.9551724137931035,0.24165700242628954
2500,2026,17,32,56,0.0224,13,0.0052,0.03831335537139048,0.07244677020089473,0.010765148973928058,0.3392857142857143,0.2827332242225859,0.0565524900631284,0.8115942028985508,0.2313202224802426
2500,2026,18,48,1982,0.7928,13,0.0052,0.12255633012226,0.2317419134650469,0.013502092614534408,0.2840565085771948,0.28378378378378377,0.00027272479341100553,0.993483709273183,0.23107783871496113
2500,2026,19,50,277,0.1108,13,0.0052,0.08869761545375515,0.16771842877911633,0.011630238141616631,0.30324909747292417,0.28160143949617633,0.021647657976747836,0.9551724137931035,0.23095542022951707
2500,2026,20,43,277,0.1108,13,0.0052,0.08869761545375515,0.16771842877911633,0.011144331798505793,0.30324909747292417,0.28160143949617633,0.021647657976747836,0.9551724137931035,0.22563831192637862
5000,42,1,75,120,0.024,25,0.005,0.47946559309200654,1.0,0.02399803412895724,0.39166666666666666,0.28135245901639344,0.11031420765027322,0.8275862068965517,0.5743036606484241
5000,42,2,69,120,0.024,25,0.005,0.47946559309200654,1.0,0.02198169796430351,0.39166666666666666,0.28135245901639344,0.11031420765027322,0.8275862068965517,0.5629874440357692
5000,42,3,61,47,0.0094,25,0.005,0.252770934376363,0.5271930624808312,0.022053452131715702,0.46808510638297873,0.28225317989097515,0.18583192649200359,0.6527777777777778,0.42993223862979185
5000,42,4,86,3010,0.602,25,0.005,0.25385074245807077,0.5294451700298719,0.033946392641981425,0.28637873754152826,0.2804020100502513,0.0059767274912769786,0.9917627677100495,0.41397118503764424
5000,42,5,78,188,0.0376,25,0.005,0.16393361418425645,0.3419090265206967,0.01802253867785703,0.35106382978723405,0.28137988362427263,0.06968394616296142,0.8826291079812206,0.31879142076713
5000,42,6,87,330,0.066,25,0.005,-0.44502377510713537,0.0,0.049153412766007376,0.2515151515151515,0.28629550321199143,-0.034780351696839906,0.9295774647887324,0.30985915492957744
5000,42,7,44,86,0.0172,25,0.005,0.3921500147912753,0.8178897932223973,0.012658913077563476,0.3023255813953488,0.2836792836792837,0.01864629771606513,0.7747747747747747,0.3036518521278074
5000,42,8,51,86,0.0172,25,0.005,0.3921500147912753,0.8178897932223973,0.012519566843523006,0.3023255813953488,0.2836792836792837,0.01864629771606513,0.7747747747747747,0.3029197093594211
5000,42,9,55,397,0.0794,25,0.005,0.15746817555667436,0.32842434957883865,0.020182267559139714,0.31738035264483627,0.2811210080382359,0.03625934460660035,0.9407582938388626,0.292933586937213
5000,42,10,101,38,0.0076,25,0.005,0.30244953027158095,0.6308054939273666,0.017298887211199366,0.3684210526315789,0.28335348649738007,0.08506756613419886,0.6031746031746031,0.28962600595795857
5000,42,11,70,842,0.1684,25,0.005,0.25760969215817425,0.5372850437439846,0.011716464793348652,0.2992874109263658,0.2809042809042809,0.018383130022084915,0.9711649365628604,0.2831184374786679
5000,42,12,77,842,0.1684,25,0.005,0.25760969215817425,0.5372850437439846,0.01152388226824075,0.2992874109263658,0.2809042809042809,0.018383130022084915,0.9711649365628604,0.2818500996681624
5000,42,13,83,107,0.0214,25,0.005,0.07454495214344682,0.15547508146041691,0.013637302076864356,0.3925233644859813,0.281626813815655,0.11089655067032628,0.8106060606060606,0.2782205312291136
5000,42,14,93,243,0.0486,25,0.005,0.31248646346672265,0.6517390777751979,0.004775092562970022,0.2757201646090535,0.28442295564431364,-0.008702791035260116,0.9067164179104478,0.22634234770394182
5000,42,15,49,399,0.0798,25,0.005,-0.18266919205847582,0.0,0.02234161200464285,0.3157894736842105,0.28124320799826125,0.03454626568594926,0.9410377358490566,0.20088921961331746
5000,42,16,48,3904,0.7808,25,0.005,0.08879205660454134,0.18518963171462166,0.018381237606660536,0.27843237704918034,0.30383211678832117,-0.025399739739140836,0.9936370577755154,0.18519610172275328
5000,42,17,59,3889,0.7778,25,0.005,0.14411747591673857,0.3005793908742129,0.012557223780707349,0.27873489328876316,0.30243024302430244,-0.023695349735539273,0.9936126724578437,0.184165916672502
5000,42,18,98,208,0.0416,25,0.005,0.22092184531491896,0.46076683811704794,0.0075920472982754506,0.27884615384615385,0.2842237061769616,-0.005377552330807722,0.8927038626609443,0.18307064840347193
5000,42,19,30,697,0.1394,25,0.005,0.11070506110974032,0.23089260773816714,0.011527915288779304,0.296987087517934,0.2818963513827562,0.015090736135177807,0.9653739612188366,0.17590023387794512
5000,42,20,36,697,0.1394,25,0.005,0.11070506110974032,0.23089260773816714,0.00981624329606051,0.296987087517934,0.2818963513827562,0.015090736135177807,0.9653739612188366,0.1646944770516289
5000,123,1,61,55,0.011,25,0.005,0.2295317304277507,0.5985821848848819,0.016368825992663427,0.36363636363636365,0.28311425682507585,0.0805221068112878,0.6875,0.41436544612194515
5000,123,2,101,38,0.0076,25,0.005,0.21198673353065287,0.5528276281754816,0.01741849442960634,0.3684210526315789,0.28335348649738007,0.08506756613419886,0.6031746031746031,0.3684760874175789
5000,123,3,86,3024,0.6048,25,0.005,0.21156014345210303,0.5517151492132366,0.029332800746854334,0.2853835978835979,0.2818825910931174,0.0035010067904804876,0.9918005903574942,0.35180795914745766
5000,123,4,93,238,0.0476,25,0.005,0.3834590073406441,1.0,0.0031264558957181275,0.2773109243697479,0.2843343133137337,-0.007023388943985798,0.9049429657794676,0.31679987908957963
5000,123,5,83,104,0.0208,25,0.005,0.07498886617505707,0.19555901606046,0.014727699474666069,0.34615384615384615,0.2826797385620915,0.06347410759175465,0.8062015503875969,0.3166609824758517
5000,123,6,87,312,0.0624,25,0.005,-0.4789503444179193,0.0,0.06224090277524226,0.2532051282051282,0.2860494880546075,-0.03284435984947931,0.9258160237388724,0.3086053412462908
5000,123,7,55,390,0.078,25,0.005,0.22841855180034745,0.595679192371749,0.018060530781341774,0.28974358974358977,0.2835140997830803,0.006229489960509482,0.9397590361445783,0.3004348596969085
5000,123,8,69,121,0.0242,25,0.005,0.030152464304466765,0.0786328231368965,0.0191172288127373,0.33884297520661155,0.28263988522238165,0.056203089984229904,0.8287671232876712,0.28909315381706685
5000,123,9,54,3886,0.7772,25,0.005,0.22875485242625893,0.5965562108260651,0.013435016032203581,0.28512609366958314,0.2800718132854578,0.005054280384125309,0.9936077729480951,0.28875109638116453
5000,123,10,59,3886,0.7772,25,0.005,0.22875485242625893,0.5965562108260651,0.013090457365843088,0.28512609366958314,0.2800718132854578,0.005054280384125309,0.9936077729480951,0.2869175959344208
5000,123,11,70,845,0.169,25,0.005,0.2600172069316798,0.6780834507838139,0.012908539919302919,0.2828402366863905,0.2842358604091456,-0.0013956237227550905,0.9712643678160919,0.2866783464014065
5000,123,12,77,845,0.169,25,0.005,0.2600172069316798,0.6780834507838139,0.012004956200783994,0.2828402366863905,0.2842358604091456,-0.0013956237227550905,0.9712643678160919,0.28197822890094026
5000,123,13,75,121,0.0242,25,0.005,0.030152464304466765,0.0786328231368965,0.01537178723950185,0.33884297520661155,0.28263988522238165,0.056203089984229904,0.8287671232876712,0.27246904384176873
5000,123,14,67,699,0.1398,25,0.005,0.024695557882299032,0.06440208056023272,0.03474887024876604,0.2989985693848355,0.2815624273424785,0.017436142042356995,0.9654696132596685,0.2663623198941134
5000,123,15,63,69,0.0138,25,0.005,0.11425765807347622,0.2979657691857945,0.022338023348518345,0.3188405797101449,0.2835124721151896,0.035328107594955305,0.7340425531914894,0.26233620066214236
5000,123,16,19,626,0.1252,25,0.005,0.022643947638492395,0.059051807898664765,0.013984077695795691,0.3226837060702875,0.2784636488340192,0.04422005723626832,0.9615975422427036,0.2575642937634302
5000,123,17,7,626,0.1252,25,0.005,0.022643947638492395,0.059051807898664765,0.013291253384283115,0.3226837060702875,0.2784636488340192,0.04422005723626832,0.9615975422427036,0.2539963391149024
5000,123,18,89,71,0.0142,25,0.005,-0.04991030640594744,0.0,0.013551710401206327,0.352112676056338,0.2830188679245283,0.06909380813180971,0.7395833333333334,0.2539119446236896
5000,123,19,10,626,0.1252,25,0.005,0.022643947638492395,0.059051807898664765,0.012816446261944316,0.3226837060702875,0.2784636488340192,0.04422005723626832,0.9615975422427036,0.2515511444946323
5000,123,20,33,925,0.185,25,0.005,0.035974153523587044,0.09381486113228674,0.014372870393921844,0.3124324324324324,0.27754601226993864,0.03488642016249377,0.9736842105263158,0.23850088880875456
5000,456,1,75,123,0.0246,25,0.005,0.5177455814936389,1.0,0.024385733170562345,0.36585365853658536,0.28193561615747387,0.08391804237911149,0.831081081081081,0.5982862887155127
5000,456,2,69,123,0.0246,25,0.005,0.5177455814936389,1.0,0.018120353508044786,0.36585365853658536,0.28193561615747387,0.08391804237911149,0.831081081081081,0.5585127523721467
5000,456,3,89,64,0.0128,25,0.005,0.2165664131230332,0.41828732270058777,0.027740537532562386,0.421875,0.2822123176661264,0.13966268233387358,0.7191011235955056,0.4923370862666842
5000,456,4,82,64,0.0128,25,0.005,0.2165664131230332,0.41828732270058777,0.02509508060555846,0.421875,0.2822123176661264,0.13966268233387358,0.7191011235955056,0.4778061338793473
5000,456,5,74,677,0.1354,25,0.005,0.246249873571221,0.47561945938933414,0.027670556317030904,0.30428360413589367,0.280823502197548,0.02346010193834569,0.9643874643874644,0.41072431556610467
5000,456,6,67,677,0.1354,25,0.005,0.246249873571221,0.47561945938933414,0.026674625328969782,0.30428360413589367,0.280823502197548,0.02346010193834569,0.9643874643874644,0.40338789499953087
5000,456,7,48,3879,0.7758,25,0.005,0.329732970603242,0.6368629349805338,0.018054740005584536,0.2822892498066512,0.28991971454058874,-0.007630464733937525,0.9935963114754098,0.34795474064275145
5000,456,8,61,52,0.0104,25,0.005,0.147046090253113,0.28401225526425783,0.016967491985884604,0.40384615384615385,0.28274050121261113,0.12110565263354273,0.6753246753246753,0.3466568270750847
5000,456,9,87,301,0.0602,25,0.005,-0.3360550572954651,0.0,0.04363905402121323,0.2757475083056478,0.2845286231113003,-0.008781114805652468,0.9233128834355828,0.30777096114519426
5000,456,10,86,3032,0.6064,25,0.005,0.17324435132594812,0.33461290162275703,0.023892256939050536,0.28298153034300794,0.2855691056910569,-0.002587575348048987,0.9918220477592411,0.29163206011135107
5000,456,11,73,3955,0.791,25,0.005,0.06129107313060828,0.11838067831267685,0.032959391199517046,0.28015170670037925,0.2985645933014354,-0.018412886601056166,0.9937185929648241,0.28938857356075487
5000,456,12,44,96,0.0192,25,0.005,0.38913920239861566,0.7516031354164182,0.012783323958516888,0.28125,0.28405383360522024,-0.0028038336052202406,0.7933884297520661,0.2762409914119312
5000,456,13,83,110,0.022,25,0.005,0.10401479459061327,0.20089943460365622,0.009520632994537988,0.36363636363636365,0.2822085889570552,0.08142777467930845,0.8148148148148148,0.2721750049640996
5000,456,14,51,96,0.0192,25,0.005,0.38913920239861566,0.7516031354164182,0.012061894925351795,0.28125,0.28405383360522024,-0.0028038336052202406,0.7933884297520661,0.2718689637970783
5000,456,15,93,222,0.0444,25,0.005,0.31463546005284315,0.6077028395783786,0.004972932691349651,0.30180180180180183,0.28317287568020094,0.018628926121600886,0.8987854251012146,0.2561670260191191
5000,456,16,62,891,0.1782,25,0.005,0.15402004161156882,0.2974820976110274,0.01810032179972104,0.2828282828282828,0.28425407641761985,-0.0014257935893370322,0.972707423580786,0.23093875889051396
5000,456,17,55,408,0.0816,25,0.005,0.17445594807984113,0.3369530408672054,0.015391681435658212,0.28431372549019607,0.28397212543554007,0.0003416000546559994,0.9422632794457275,0.2173811503901595
5000,456,18,66,3955,0.791,25,0.005,0.06129107313060828,0.11838067831267685,0.02145417707022336,0.28015170670037925,0.2985645933014354,-0.018412886601056166,0.9937185929648241,0.20205895981031996
5000,456,19,78,203,0.0406,25,0.005,-0.16649777449735628,0.0,0.01751694162213976,0.32019704433497537,0.28246820929747757,0.0377288350374978,0.8903508771929824,0.19930436933720155
5000,456,20,63,74,0.0148,25,0.005,-0.22749523975985986,0.0,0.021244947559465134,0.32432432432432434,0.2833942346731628,0.040930089651161516,0.7474747474747475,0.1943178360460438
5000,789,1,61,51,0.0102,25,0.005,0.4987910118019032,1.0,0.014422315261731447,0.4117647058823529,0.2826833703778541,0.1290813355044988,0.6710526315789473,0.5222237450604573
5000,789,2,62,899,0.1798,25,0.005,0.39408045073341075,0.7900712751614725,0.024278266272830883,0.29477196885428253,0.2816386247256767,0.01313334412860584,0.9729437229437229,0.471928070083596
5000,789,3,78,196,0.0392,25,0.005,0.4367962534043987,0.8757099528045907,0.01468588701613749,0.3163265306122449,0.2826810990840966,0.033645431528148306,0.8868778280542986,0.43667676919282405
5000,789,4,48,3877,0.7754,25,0.005,0.35041120300676804,0.7025210854159,0.01927236693994047,0.28062935259221045,0.2956366874443455,-0.015007334852135068,0.9935930292157867,0.3807800553532914
5000,789,5,86,3035,0.607,25,0.005,0.1585205017199552,0.31780945921076903,0.03476629209872413,0.2846787479406919,0.28295165394402033,0.0017270939966715915,0.9918300653594772,0.3761968230723219
5000,789,6,67,672,0.1344,25,0.005,0.14021305418329308,0.28110581559352404,0.03048449498848886,0.3005952380952381,0.2814232902033272,0.0191719478919109,0.9641319942611191,0.3653986594467825
5000,789,7,56,621,0.1242,25,0.005,0.2708530442573717,0.5430190958712425,0.018327156735643165,0.3027375201288245,0.28134277232244803,0.021394747806376457,0.9613003095975232,0.36337742471601137
5000,789,8,74,672,0.1344,25,0.005,0.14021305418329308,0.28110581559352404,0.026871066049720133,0.3005952380952381,0.2814232902033272,0.0191719478919109,0.9641319942611191,0.33845310406871926
5000,789,9,87,301,0.0602,25,0.005,-0.38639329663067384,0.0,0.04309705750448381,0.26245847176079734,0.2853798680570334,-0.022921396296236074,0.9233128834355828,0.30777096114519426
5000,789,10,75,128,0.0256,25,0.005,0.05503875534094142,0.11034432064465563,0.016235256203211056,0.34375,0.2824302134646962,0.06131978653530379,0.8366013071895425,0.2682996509455681
5000,789,11,69,128,0.0256,25,0.005,0.05503875534094142,0.11034432064465563,0.015598133639414003,0.34375,0.2824302134646962,0.06131978653530379,0.8366013071895425,0.26417703716343144
5000,789,12,68,357,0.0714,25,0.005,0.25693682005857077,0.5151191861504798,0.014113589043077563,0.28291316526610644,0.2840835666594874,-0.001170401393380982,0.9345549738219895,0.2624862769350809
5000,789,13,83,113,0.0226,25,0.005,0.03754005301653727,0.07526208798535136,0.013850271299167955,0.35398230088495575,0.2823818293431553,0.07160047154180044,0.8188405797101449,0.25966218356331133
5000,789,14,71,83,0.0166,25,0.005,0.39925620038786225,0.8004478648192409,0.007036819330770708,0.26506024096385544,0.2843197071384991,-0.019259466174643636,0.7685185185185185,0.24688049814461668
5000,789,15,82,73,0.0146,25,0.005,0.009730641828696485,0.01950845464023928,0.015538193173807582,0.3561643835616438,0.2829307895270956,0.07323359403454821,0.7448979591836735,0.2352369272103377
5000,789,16,89,73,0.0146,25,0.005,0.009730641828696485,0.01950845464023928,0.014821590409166483,0.3561643835616438,0.2829307895270956,0.07323359403454821,0.7448979591836735,0.23110829316247958
5000,789,17,101,34,0.0068,25,0.005,0.157080686386225,0.31492284878744004,0.014273330703181673,0.35294117647058826,0.28352799033427306,0.0694131861363152,0.576271186440678,0.22740830568678966
5000,789,18,63,79,0.0158,25,0.005,0.1337094135825413,0.26806700686026896,0.020170341943034343,0.3037974683544304,0.28368217841902055,0.02011528993540984,0.7596153846153846,0.22583936538576804
5000,789,19,66,3935,0.787,25,0.005,-0.00707914470879401,0.0,0.026108279484487,0.28132147395171536,0.29389671361502345,-0.012575239663308091,0.9936868686868687,0.2006591322779005
5000,789,20,73,3935,0.787,25,0.005,-0.00707914470879401,0.0,0.023501537610015392,0.28132147395171536,0.29389671361502345,-0.012575239663308091,0.9936868686868687,0.18062462318990272
5000,2026,1,63,72,0.0144,25,0.005,0.18856659902421266,0.618812656103734,0.03023758702740431,0.3611111111111111,0.28287337662337664,0.07823773448773447,0.7422680412371134,0.6130504890051142
5000,2026,2,75,117,0.0234,25,0.005,0.30472324242929266,1.0,0.017867987813641406,0.3247863247863248,0.283022731927094,0.041763592859230814,0.823943661971831,0.5606563749318385
5000,2026,3,69,117,0.0234,25,0.005,0.30472324242929266,1.0,0.01770671587169207,0.3247863247863248,0.283022731927094,0.041763592859230814,0.823943661971831,0.5593981819136186
5000,2026,4,74,702,0.1404,25,0.005,0.12502397910128912,0.4102869807520489,0.02807650091761875,0.2934472934472934,0.2824569567240577,0.010990336723235739,0.9656121045392022,0.433980052328406
5000,2026,5,60,363,0.0726,25,0.005,0.22551907893335935,0.7400783646678619,0.01858558233489232,0.2892561983471074,0.28358852706491267,0.005667671282194753,0.9355670103092784,0.4180314987205564
5000,2026,6,67,702,0.1404,25,0.005,0.12502397910128912,0.4102869807520489,0.02355324183523105,0.2934472934472934,0.2824569567240577,0.010990336723235739,0.9656121045392022,0.3926234260658089
5000,2026,7,48,3900,0.78,25,0.005,0.1666351594036257,0.546840989466996,0.016875865035582343,0.2866666666666667,0.27454545454545454,0.012121212121212144,0.9936305732484076,0.3912079549170352
5000,2026,8,77,843,0.1686,25,0.005,0.21337111251256508,0.7002127924720913,0.01639722730839024,0.2763938315539739,0.28554245850372867,-0.009148626949754768,0.9711981566820277,0.3774706326441156
5000,2026,9,70,843,0.1686,25,0.005,0.21337111251256508,0.7002127924720913,0.015061340585117978,0.2763938315539739,0.28554245850372867,-0.009148626949754768,0.9711981566820277,0.36518582328990573
5000,2026,10,55,412,0.0824,25,0.005,0.20842334364594994,0.6839758660493778,0.015106461727100813,0.28640776699029125,0.28378378378378377,0.002623983206507474,0.9427917620137299,0.36034465669616295
5000,2026,11,3,723,0.1446,25,0.005,0.03950055998929033,0.12962765713040728,0.012545446614628699,0.32226832641770403,0.2775309796586392,0.04473734675906482,0.9665775401069518,0.3408179009093784
5000,2026,12,5,723,0.1446,25,0.005,0.03950055998929033,0.12962765713040728,0.012469235908061817,0.32226832641770403,0.2775309796586392,0.04473734675906482,0.9665775401069518,0.3401204018511305
5000,2026,13,98,199,0.0398,25,0.005,0.24480198839167058,0.8033584390874743,0.0061868055392399375,0.2964824120603015,0.28348260779004375,0.012999804270257764,0.8883928571428571,0.3391467627423597
5000,2026,14,86,3023,0.6046,25,0.005,0.12154745343425732,0.3988781835782052,0.021335841831947252,0.28415481309956997,0.283763277693475,0.0003915354060949894,0.9917979002624672,0.33388925342982173
5000,2026,15,93,235,0.047,25,0.005,0.24731624423608667,0.8116093877987447,0.00562343160460326,0.28936170212765955,0.28373557187827914,0.005626130249380412,0.9038461538461539,0.31431553150487046
5000,2026,16,87,312,0.0624,25,0.005,-0.3163238319485053,0.0,0.03520365913624343,0.2692307692307692,0.28498293515358364,-0.01575216592281442,0.9258160237388724,0.3086053412462908
5000,2026,17,7,637,0.1274,25,0.005,0.02355722723995532,0.0773069591021482,0.012257077444123904,0.3202511773940345,0.2787073114829246,0.04154386591110992,0.9622356495468278,0.3067858873328344
5000,2026,18,62,881,0.1762,25,0.005,-0.38601662577175927,0.0,0.03274542162256147,0.2724177071509648,0.2864773003156106,-0.014059593164645778,0.9724061810154525,0.30150133221950115
5000,2026,19,14,637,0.1274,25,0.005,0.02355722723995532,0.0773069591021482,0.010202995556647393,0.3202511773940345,0.2787073114829246,0.04154386591110992,0.9622356495468278,0.28807087429428496
5000,2026,20,19,637,0.1274,25,0.005,0.02355722723995532,0.0773069591021482,0.007344201914786881,0.3202511773940345,0.2787073114829246,0.04154386591110992,0.9622356495468278,0.2620240255254316
7341,,1,69,179,0.024383598964718704,37,0.005040185260863642,0.21094027993214398,0.6070251367682535,0.022452551502121977,0.35195530726256985,0.28232337335939683,0.06963193390317302,0.8287037037037037,0.5066891395368771
7341,,2,75,179,0.024383598964718704,37,0.005040185260863642,0.21094027993214262,0.6070251367682497,0.01951206621568908,0.35195530726256985,0.28232337335939683,0.06963193390317302,0.8287037037037037,0.4918290210329046
7341,,3,86,4452,0.6064568859828361,37,0.005040185260863642,0.19446714176830673,0.5596202079887793,0.03758369200108397,0.2830188679245283,0.28556593977154726,-0.002547071847018967,0.9917576297616396,0.41230752865512615
7341,,4,83,157,0.021386732052853834,37,0.005040185260863642,0.1333658268430061,0.3837882897739083,0.011283292644583219,0.35668789808917195,0.28243318485523383,0.07425471323393812,0.8092783505154639,0.3940920081608857
7341,,5,61,76,0.010352812968260456,37,0.005040185260863642,0.13616308662131624,0.39183799464796676,0.01926022615059301,0.3684210526315789,0.2831383344803854,0.08528271815119354,0.672566371681416,0.3910296421857934
7341,,6,82,108,0.014711892112791173,37,0.005040185260863642,0.08715740541709416,0.25081381308822065,0.01602616569642322,0.3611111111111111,0.28287017834923267,0.07824093276187843,0.7448275862068966,0.3628397224058236
7341,,7,89,108,0.014711892112791173,37,0.005040185260863642,0.08715740541709448,0.2508138130882216,0.01298805533980692,0.3611111111111111,0.28287017834923267,0.07824093276187843,0.7448275862068966,0.34904022463214684
7341,,8,44,129,0.017572537801389457,37,0.005040185260863642,0.34749842659757185,1.0,0.015500401431431587,0.2868217054263566,0.2839711591791459,0.0028505462472107057,0.7771084337349398,0.34115055645419945
7341,,9,78,281,0.03827816373791037,37,0.005040185260863642,0.11725021774099269,0.3374122262624713,0.01749080719766686,0.3238434163701068,0.28243626062322946,0.04140715574687731,0.8836477987421384,0.3366490019493394
7341,,10,51,129,0.017572537801389457,37,0.005040185260863642,0.34749842659757185,1.0,0.01095563028255079,0.2868217054263566,0.2839711591791459,0.0028505462472107057,0.7771084337349398,0.31961294073535307
7341,,11,101,48,0.006538618716796077,37,0.005040185260863642,0.1976930282679209,0.5689033766384894,0.015098068892422241,0.3541666666666667,0.28355957767722473,0.07060708898944196,0.5647058823529412,0.31492440156945045
7341,,12,87,453,0.061708214139762976,37,0.005040185260863642,-0.3954719140061639,0.0,0.054660646367029185,0.2582781456953642,0.2857142857142857,-0.027436140018921473,0.9244897959183673,0.3081632653061224
7341,,13,48,5715,0.7785042909685329,37,0.005040185260863642,0.21906745705039601,0.6304128027149081,0.01599215035460921,0.28171478565179353,0.2921279212792128,-0.010413135627419245,0.993567454798331,0.30568240667230484
7341,,14,55,598,0.08146029151341778,37,0.005040185260863642,0.20389059488787692,0.5867381814767089,0.013452794008398598,0.29264214046822745,0.2832567106629097,0.009385429805317758,0.9417322834645669,0.2959876377911148
7341,,15,77,1250,0.17027652908323115,37,0.005040185260863642,0.20722627834549867,0.5963373140261196,0.01286018301191548,0.2896,0.28287637497947793,0.006723625020522095,0.9712509712509713,0.29475839103116086
7341,,16,93,337,0.04590655224083912,37,0.005040185260863642,0.31734564930839904,0.9132290249932788,0.0033075405383303437,0.2818991097922849,0.2841233580810965,-0.0022242482888116255,0.9010695187165776,0.2924689879562177
7341,,17,70,1250,0.17027652908323115,37,0.005040185260863642,0.20722627834549867,0.5963373140261196,0.012229401725247056,0.2896,0.28287637497947793,0.006723625020522095,0.9712509712509713,0.2910223275312288
7341,,18,74,1005,0.13690232938291785,37,0.005040185260863642,0.053609158548696335,0.1542716583599948,0.025000281535938224,0.2975124378109453,0.28188131313131315,0.015631124679632125,0.9644913627639156,0.255567773411714
7341,,19,67,1005,0.13690232938291785,37,0.005040185260863642,0.05360915854869733,0.15427165835999765,0.023043089856591772,0.2975124378109453,0.28188131313131315,0.015631124679632125,0.9644913627639156,0.2440561735346127
7341,,20,63,108,0.014711892112791173,37,0.005040185260863642,-0.018399734728915873,0.0,0.021360871437680718,0.3333333333333333,0.28328494400663623,0.050048389326697085,0.7448275862068966,0.24272524232468534
